slug,name,kind,regime,nation,appeal_body,appeal_url,official_policy_url,amount_note,deadline_note,stages_note,instrument_note,source,page
c2c,c2c,toc,national,england,appeal-service,https://www.appealservice.co.uk,https://www.c2c-online.co.uk/about-c2c/our-policies/revenue-protection-policy/,"£100 plus the full single fare for your journey, reduced to £50 plus the single fare if paid within 21 days beginning the day after the day it was charged (reg 9(1A)). These are the England amounts - Wales differs.",Appeal at stage one within 21 days beginning the day after the day the penalty fare was charged; stages two and three within 14 days of receiving the previous decision. Each panel must decide within 21 days of receiving the appeal or you stop being liable for the penalty (reg 16(11)) - though in England the full single fare remains payable even then (reg 16(11A)).,"Three statutory stages. Regulation 15 requires every panel to be managerially and organisationally independent of any operator; the final panel is three people, none previously involved, deciding by majority.","The Railways (Penalty Fares) Regulations 2018 (SI 2018/366), as amended by SI 2022/1094 (in force 23 January 2023).","c2c, ""Revenue protection policy""; The Railways (Penalty Fares) Regulations 2018 (SI 2018/366); The Railways (Penalty Fares) (Amendment) Regulations 2022 (SI 2022/1094)",https://www.catoappeals.com/penalty-fares/c2c
chiltern-railways,Chiltern Railways,toc,national,england,not published,not published,https://www.chilternrailways.co.uk/customer-service/penalty-fares,"£100 plus the full single fare for your journey, reduced to £50 plus the single fare if paid within 21 days beginning the day after the day it was charged (reg 9(1A)). These are the England amounts - Wales differs.",Appeal at stage one within 21 days beginning the day after the day the penalty fare was charged; stages two and three within 14 days of receiving the previous decision. Each panel must decide within 21 days of receiving the appeal or you stop being liable for the penalty (reg 16(11)) - though in England the full single fare remains payable even then (reg 16(11A)).,"Three statutory stages. Regulation 15 requires every panel to be managerially and organisationally independent of any operator; the final panel is three people, none previously involved, deciding by majority.","The Railways (Penalty Fares) Regulations 2018 (SI 2018/366), as amended by SI 2022/1094 (in force 23 January 2023).","Chiltern Railways, ""Penalty fares""; The Railways (Penalty Fares) Regulations 2018 (SI 2018/366); The Railways (Penalty Fares) (Amendment) Regulations 2022 (SI 2022/1094)",https://www.catoappeals.com/penalty-fares/chiltern-railways
great-western-railway,Great Western Railway,toc,national,england,not published,not published,https://www.gwr.com/help-and-support/penalties-and-enforcements,"£100 plus the full single fare for your journey, reduced to £50 plus the single fare if paid within 21 days beginning the day after the day it was charged (reg 9(1A)). These are the England amounts - Wales differs.",Appeal at stage one within 21 days beginning the day after the day the penalty fare was charged; stages two and three within 14 days of receiving the previous decision. Each panel must decide within 21 days of receiving the appeal or you stop being liable for the penalty (reg 16(11)) - though in England the full single fare remains payable even then (reg 16(11A)).,"Three statutory stages. Regulation 15 requires every panel to be managerially and organisationally independent of any operator; the final panel is three people, none previously involved, deciding by majority.","The Railways (Penalty Fares) Regulations 2018 (SI 2018/366), as amended by SI 2022/1094 (in force 23 January 2023).","GWR, ""Penalties and enforcements""; The Railways (Penalty Fares) Regulations 2018 (SI 2018/366); The Railways (Penalty Fares) (Amendment) Regulations 2022 (SI 2022/1094)",https://www.catoappeals.com/penalty-fares/great-western-railway
great-northern,Great Northern,toc,national,england,penalty-services,https://www.penaltyservices.co.uk/app/,https://www.greatnorthernrail.com/help-and-support/penalty-fares/revenue-protection-policy,"£100 plus the full single fare for your journey, reduced to £50 plus the single fare if paid within 21 days beginning the day after the day it was charged (reg 9(1A)). These are the England amounts - Wales differs.",Appeal at stage one within 21 days beginning the day after the day the penalty fare was charged; stages two and three within 14 days of receiving the previous decision. Each panel must decide within 21 days of receiving the appeal or you stop being liable for the penalty (reg 16(11)) - though in England the full single fare remains payable even then (reg 16(11A)).,"Three statutory stages. Regulation 15 requires every panel to be managerially and organisationally independent of any operator; the final panel is three people, none previously involved, deciding by majority.","The Railways (Penalty Fares) Regulations 2018 (SI 2018/366), as amended by SI 2022/1094 (in force 23 January 2023).","Great Northern, ""Revenue protection policy""; Penalty Services Ltd (portal and published guidance); The Railways (Penalty Fares) Regulations 2018 (SI 2018/366)",https://www.catoappeals.com/penalty-fares/great-northern
thameslink,Thameslink,toc,national,england,penalty-services,https://www.penaltyservices.co.uk/app/,not published,"£100 plus the full single fare for your journey, reduced to £50 plus the single fare if paid within 21 days beginning the day after the day it was charged (reg 9(1A)). These are the England amounts - Wales differs.",Appeal at stage one within 21 days beginning the day after the day the penalty fare was charged; stages two and three within 14 days of receiving the previous decision. Each panel must decide within 21 days of receiving the appeal or you stop being liable for the penalty (reg 16(11)) - though in England the full single fare remains payable even then (reg 16(11A)).,"Three statutory stages. Regulation 15 requires every panel to be managerially and organisationally independent of any operator; the final panel is three people, none previously involved, deciding by majority.","The Railways (Penalty Fares) Regulations 2018 (SI 2018/366), as amended by SI 2022/1094 (in force 23 January 2023).","Penalty Services Ltd, notice-prefix routing (GTR umbrella); The Railways (Penalty Fares) Regulations 2018 (SI 2018/366); The Railways (Penalty Fares) (Amendment) Regulations 2022 (SI 2022/1094)",https://www.catoappeals.com/penalty-fares/thameslink
gatwick-express,Gatwick Express,toc,national,england,penalty-services,https://www.penaltyservices.co.uk/app/,not published,"£100 plus the full single fare for your journey, reduced to £50 plus the single fare if paid within 21 days beginning the day after the day it was charged (reg 9(1A)). These are the England amounts - Wales differs.",Appeal at stage one within 21 days beginning the day after the day the penalty fare was charged; stages two and three within 14 days of receiving the previous decision. Each panel must decide within 21 days of receiving the appeal or you stop being liable for the penalty (reg 16(11)) - though in England the full single fare remains payable even then (reg 16(11A)).,"Three statutory stages. Regulation 15 requires every panel to be managerially and organisationally independent of any operator; the final panel is three people, none previously involved, deciding by majority.","The Railways (Penalty Fares) Regulations 2018 (SI 2018/366), as amended by SI 2022/1094 (in force 23 January 2023).","Penalty Services Ltd, notice-prefix routing (GTR umbrella); The Railways (Penalty Fares) Regulations 2018 (SI 2018/366); The Railways (Penalty Fares) (Amendment) Regulations 2022 (SI 2022/1094)",https://www.catoappeals.com/penalty-fares/gatwick-express
southern,Southern,toc,national,england,penalty-services,https://www.penaltyservices.co.uk/app/,https://www.southernrailway.com/help-and-support/penalty-fares,"£100 plus the full single fare for your journey, reduced to £50 plus the single fare if paid within 21 days beginning the day after the day it was charged (reg 9(1A)). These are the England amounts - Wales differs.",Appeal at stage one within 21 days beginning the day after the day the penalty fare was charged; stages two and three within 14 days of receiving the previous decision. Each panel must decide within 21 days of receiving the appeal or you stop being liable for the penalty (reg 16(11)) - though in England the full single fare remains payable even then (reg 16(11A)).,"Three statutory stages. Regulation 15 requires every panel to be managerially and organisationally independent of any operator; the final panel is three people, none previously involved, deciding by majority.","The Railways (Penalty Fares) Regulations 2018 (SI 2018/366), as amended by SI 2022/1094 (in force 23 January 2023).","Southern, ""Penalty fares""; Penalty Services Ltd (portal and published guidance); The Railways (Penalty Fares) Regulations 2018 (SI 2018/366)",https://www.catoappeals.com/penalty-fares/southern
southeastern,Southeastern,toc,national,england,penalty-services,https://www.penaltyservices.co.uk/app/,https://www.southeasternrailway.co.uk/help/support/faqs/stations/penalty-fares,"£100 plus the full single fare for your journey, reduced to £50 plus the single fare if paid within 21 days beginning the day after the day it was charged (reg 9(1A)). These are the England amounts - Wales differs.",Appeal at stage one within 21 days beginning the day after the day the penalty fare was charged; stages two and three within 14 days of receiving the previous decision. Each panel must decide within 21 days of receiving the appeal or you stop being liable for the penalty (reg 16(11)) - though in England the full single fare remains payable even then (reg 16(11A)).,"Three statutory stages. Regulation 15 requires every panel to be managerially and organisationally independent of any operator; the final panel is three people, none previously involved, deciding by majority.","The Railways (Penalty Fares) Regulations 2018 (SI 2018/366), as amended by SI 2022/1094 (in force 23 January 2023).","Southeastern, penalty fares FAQ; Penalty Services Ltd (portal and published guidance); The Railways (Penalty Fares) Regulations 2018 (SI 2018/366)",https://www.catoappeals.com/penalty-fares/southeastern
northern,Northern,toc,national,england,penalty-services,https://www.penaltyservices.co.uk/app/,https://help.northernrailway.co.uk/s/article/Penalty-Fares,"£100 plus the full single fare for your journey, reduced to £50 plus the single fare if paid within 21 days beginning the day after the day it was charged (reg 9(1A)). These are the England amounts - Wales differs.",Appeal at stage one within 21 days beginning the day after the day the penalty fare was charged; stages two and three within 14 days of receiving the previous decision. Each panel must decide within 21 days of receiving the appeal or you stop being liable for the penalty (reg 16(11)) - though in England the full single fare remains payable even then (reg 16(11A)).,"Three statutory stages. Regulation 15 requires every panel to be managerially and organisationally independent of any operator; the final panel is three people, none previously involved, deciding by majority.","The Railways (Penalty Fares) Regulations 2018 (SI 2018/366), as amended by SI 2022/1094 (in force 23 January 2023).","Northern, ""Penalty fares""; Penalty Services Ltd (portal and published guidance); The Railways (Penalty Fares) Regulations 2018 (SI 2018/366)",https://www.catoappeals.com/penalty-fares/northern
east-midlands-railway,East Midlands Railway,toc,national,england,penalty-services,https://www.penaltyservices.co.uk/app/,https://www.eastmidlandsrailway.co.uk/help-manage/about-us/policies/penalty-fares,"£100 plus the full single fare for your journey, reduced to £50 plus the single fare if paid within 21 days beginning the day after the day it was charged (reg 9(1A)). These are the England amounts - Wales differs.",Appeal at stage one within 21 days beginning the day after the day the penalty fare was charged; stages two and three within 14 days of receiving the previous decision. Each panel must decide within 21 days of receiving the appeal or you stop being liable for the penalty (reg 16(11)) - though in England the full single fare remains payable even then (reg 16(11A)).,"Three statutory stages. Regulation 15 requires every panel to be managerially and organisationally independent of any operator; the final panel is three people, none previously involved, deciding by majority.","The Railways (Penalty Fares) Regulations 2018 (SI 2018/366), as amended by SI 2022/1094 (in force 23 January 2023).","East Midlands Railway, ""Penalty fares""; Penalty Services Ltd (portal and published guidance); The Railways (Penalty Fares) Regulations 2018 (SI 2018/366)",https://www.catoappeals.com/penalty-fares/east-midlands-railway
greater-anglia,Greater Anglia,toc,national,england,appeal-service,https://www.appealservice.co.uk,https://www.greateranglia.co.uk/tickets-fares/penalty-fares,"£100 plus the full single fare for your journey, reduced to £50 plus the single fare if paid within 21 days beginning the day after the day it was charged (reg 9(1A)). These are the England amounts - Wales differs.",Appeal at stage one within 21 days beginning the day after the day the penalty fare was charged; stages two and three within 14 days of receiving the previous decision. Each panel must decide within 21 days of receiving the appeal or you stop being liable for the penalty (reg 16(11)) - though in England the full single fare remains payable even then (reg 16(11A)).,"Three statutory stages. Regulation 15 requires every panel to be managerially and organisationally independent of any operator; the final panel is three people, none previously involved, deciding by majority.","The Railways (Penalty Fares) Regulations 2018 (SI 2018/366), as amended by SI 2022/1094 (in force 23 January 2023).","Greater Anglia, ""Penalty fares""; Appeal Service (ITAL Group Ltd); The Railways (Penalty Fares) Regulations 2018 (SI 2018/366)",https://www.catoappeals.com/penalty-fares/greater-anglia
merseyrail,Merseyrail,toc,national,england,penalty-services,https://www.penaltyservices.co.uk/app/,https://www.merseyrail.org/about-us/penalty-fares-on-the-network/,"£100 plus the full single fare for your journey, reduced to £50 plus the single fare if paid within 21 days beginning the day after the day it was charged (reg 9(1A)). These are the England amounts - Wales differs.",Appeal at stage one within 21 days beginning the day after the day the penalty fare was charged; stages two and three within 14 days of receiving the previous decision. Each panel must decide within 21 days of receiving the appeal or you stop being liable for the penalty (reg 16(11)) - though in England the full single fare remains payable even then (reg 16(11A)).,"Three statutory stages. Regulation 15 requires every panel to be managerially and organisationally independent of any operator; the final panel is three people, none previously involved, deciding by majority.","The Railways (Penalty Fares) Regulations 2018 (SI 2018/366), as amended by SI 2022/1094 (in force 23 January 2023).","Merseyrail, ""Penalty fares on the network""; Penalty Services Ltd (portal and published guidance); The Railways (Penalty Fares) Regulations 2018 (SI 2018/366)",https://www.catoappeals.com/penalty-fares/merseyrail
transpennine-express,TransPennine Express,toc,national,england,penalty-services,https://www.penaltyservices.co.uk/app/,https://www.tpexpress.co.uk/help/revenue-protection-policy/penalty-fare,"£100 plus the full single fare for your journey, reduced to £50 plus the single fare if paid within 21 days beginning the day after the day it was charged (reg 9(1A)). These are the England amounts - Wales differs.",Appeal at stage one within 21 days beginning the day after the day the penalty fare was charged; stages two and three within 14 days of receiving the previous decision. Each panel must decide within 21 days of receiving the appeal or you stop being liable for the penalty (reg 16(11)) - though in England the full single fare remains payable even then (reg 16(11A)).,"Three statutory stages. Regulation 15 requires every panel to be managerially and organisationally independent of any operator; the final panel is three people, none previously involved, deciding by majority.","The Railways (Penalty Fares) Regulations 2018 (SI 2018/366), as amended by SI 2022/1094 (in force 23 January 2023).","TransPennine Express, ""Penalty fare""; Penalty Services Ltd (portal and published guidance); The Railways (Penalty Fares) Regulations 2018 (SI 2018/366)",https://www.catoappeals.com/penalty-fares/transpennine-express
south-western-railway,South Western Railway,toc,national,england,penalty-services,https://www.penaltyservices.co.uk/app/,https://www.southwesternrailway.com/travelling-with-us/ticket-checks-and-revenue-protection,"£100 plus the full single fare for your journey, reduced to £50 plus the single fare if paid within 21 days beginning the day after the day it was charged (reg 9(1A)). These are the England amounts - Wales differs.",Appeal at stage one within 21 days beginning the day after the day the penalty fare was charged; stages two and three within 14 days of receiving the previous decision. Each panel must decide within 21 days of receiving the appeal or you stop being liable for the penalty (reg 16(11)) - though in England the full single fare remains payable even then (reg 16(11A)).,"Three statutory stages. Regulation 15 requires every panel to be managerially and organisationally independent of any operator; the final panel is three people, none previously involved, deciding by majority.","The Railways (Penalty Fares) Regulations 2018 (SI 2018/366), as amended by SI 2022/1094 (in force 23 January 2023).","South Western Railway, ""Ticket checks and revenue protection""; Penalty Services Ltd (portal and published guidance); The Railways (Penalty Fares) Regulations 2018 (SI 2018/366)",https://www.catoappeals.com/penalty-fares/south-western-railway
west-midlands-railway,West Midlands Railway,toc,national,england,appeal-service,https://www.appealservice.co.uk,https://www.westmidlandsrailway.co.uk/tickets-discounts/penalty-fares,"£100 plus the full single fare for your journey, reduced to £50 plus the single fare if paid within 21 days beginning the day after the day it was charged (reg 9(1A)). These are the England amounts - Wales differs.",Appeal at stage one within 21 days beginning the day after the day the penalty fare was charged; stages two and three within 14 days of receiving the previous decision. Each panel must decide within 21 days of receiving the appeal or you stop being liable for the penalty (reg 16(11)) - though in England the full single fare remains payable even then (reg 16(11A)).,"Three statutory stages. Regulation 15 requires every panel to be managerially and organisationally independent of any operator; the final panel is three people, none previously involved, deciding by majority.","The Railways (Penalty Fares) Regulations 2018 (SI 2018/366), as amended by SI 2022/1094 (in force 23 January 2023).","West Midlands Railway, ""Penalty fares"" (live host bot-walled; archived copy of 18 June 2026); Appeal Service (ITAL Group Ltd); The Railways (Penalty Fares) Regulations 2018 (SI 2018/366)",https://www.catoappeals.com/penalty-fares/west-midlands-railway
london-northwestern-railway,London Northwestern Railway,toc,national,england,appeal-service,https://www.appealservice.co.uk,https://www.londonnorthwesternrailway.co.uk/tickets-discounts/penalty-fares,"£100 plus the full single fare for your journey, reduced to £50 plus the single fare if paid within 21 days beginning the day after the day it was charged (reg 9(1A)). These are the England amounts - Wales differs.",Appeal at stage one within 21 days beginning the day after the day the penalty fare was charged; stages two and three within 14 days of receiving the previous decision. Each panel must decide within 21 days of receiving the appeal or you stop being liable for the penalty (reg 16(11)) - though in England the full single fare remains payable even then (reg 16(11A)).,"Three statutory stages. Regulation 15 requires every panel to be managerially and organisationally independent of any operator; the final panel is three people, none previously involved, deciding by majority.","The Railways (Penalty Fares) Regulations 2018 (SI 2018/366), as amended by SI 2022/1094 (in force 23 January 2023).","London Northwestern Railway, ""Penalty fares"" (live host bot-walled; archived copy of 31 August 2026); Appeal Service (ITAL Group Ltd); The Railways (Penalty Fares) Regulations 2018 (SI 2018/366)",https://www.catoappeals.com/penalty-fares/london-northwestern-railway
transport-for-wales,Transport for Wales,toc,national,wales,penalty-services,https://www.penaltyservices.co.uk/app/,https://tfw.wales/ways-to-travel/rail/travel-information/penalty-fares,"£20 or twice the full single fare, whichever is the greater (reg 9(1)) - the unamended amount, which still applies in Wales, with NO early-payment discount: the £50 tier is England-only. On the Shrewsbury to Birmingham International corridor TfW itself applies the £100/£50 England amounts.",Appeal at stage one within 21 days beginning the day after the day the penalty fare was charged; stages two and three within 14 days of receiving the previous decision. Each panel must decide within 21 days of receiving the appeal or you stop being liable at all (reg 16(11)) - the England rule keeping the single fare payable does not apply in Wales.,"Three statutory stages. Regulation 15 requires every panel to be managerially and organisationally independent of any operator; the final panel is three people, none previously involved, deciding by majority.","The Railways (Penalty Fares) Regulations 2018 (SI 2018/366). The 2022 amendment raised the amounts in respect of England only, so reg 9(1) still sets the amount in Wales - there is no Welsh amending instrument.","Transport for Wales, ""Penalty fares""; Penalty Services Ltd (portal and published guidance); The Railways (Penalty Fares) Regulations 2018 (SI 2018/366)",https://www.catoappeals.com/penalty-fares/transport-for-wales
tyne-and-wear-metro,Tyne and Wear Metro,tram,national,england,penalty-services,https://www.penaltyservices.co.uk/app/,https://travelnortheast.uk/ways-to-travel/metro/information/metro-penalty-fares/,"£100 plus the full single fare for your journey, reduced to £50 plus the single fare if paid within 21 days beginning the day after the day it was charged (reg 9(1A)). These are the England amounts - Wales differs.",Appeal at stage one within 21 days beginning the day after the day the penalty fare was charged; stages two and three within 14 days of receiving the previous decision. Each panel must decide within 21 days of receiving the appeal or you stop being liable for the penalty (reg 16(11)) - though in England the full single fare remains payable even then (reg 16(11A)).,"Three statutory stages. Regulation 15 requires every panel to be managerially and organisationally independent of any operator; the final panel is three people, none previously involved, deciding by majority.","The Railways (Penalty Fares) Regulations 2018 (SI 2018/366), as amended by SI 2022/1094 (in force 23 January 2023).","Nexus, ""Metro penalty fares""; Penalty Services Ltd (portal and published guidance); The Railways (Penalty Fares) Regulations 2018 (SI 2018/366)",https://www.catoappeals.com/penalty-fares/tyne-and-wear-metro
london-underground,London Underground,tfl-mode,tfl,england,appeal-service,https://www.ircas.co.uk,https://tfl.gov.uk/fares/penalty-fares-and-how-to-pay-them,"£100 on all six TfL modes, reduced to £50 if paid within 21 days of the notice being issued. After a failed stage-one appeal the £50 window re-opens for 21 days from the rejection letter, then reverts to £100.",Appeal at stage one within 21 days beginning the day after the DATE OF TRAVEL - not the notice date; stages two and three within 14 days of the date of the previous rejection letter. No decision deadline is published for any stage.,"Three policy stages, none of the first two independent of TfL: stage one is decided by the Independent Appeals Service (IAS/IRCAS), a contractor TfL says considers appeals on its behalf in accordance with TfL guidelines; stage two by the Appeals and Prosecutions Team in TfL's own Security, Policing and Enforcement directorate; stage three by the Independent Appeals Panel - appointed by TfL, required by the policy to work within TfL's regulations, policy and processes, and whose decision TfL states binds it.","Greater London Authority Act 1999, s.245 and Schedule 17 (as amended by the Transport for London Act 2008), administered under TfL's Penalty Fare Appeals Policy, version 11 (November 2025) - the policy is TfL's own document, not legislation.","TfL, ""Penalty fares and how to pay them""; TfL Penalty Fare Appeals Policy, version 11 (November 2025); Greater London Authority Act 1999, Schedule 17",https://www.catoappeals.com/penalty-fares/london-underground
london-buses,London Buses,tfl-mode,tfl,england,appeal-service,https://www.ircas.co.uk,https://tfl.gov.uk/fares/penalty-fares-and-how-to-pay-them,"£100 on all six TfL modes, reduced to £50 if paid within 21 days of the notice being issued. After a failed stage-one appeal the £50 window re-opens for 21 days from the rejection letter, then reverts to £100.",Appeal at stage one within 21 days beginning the day after the DATE OF TRAVEL - not the notice date; stages two and three within 14 days of the date of the previous rejection letter. No decision deadline is published for any stage.,"Three policy stages, none of the first two independent of TfL: stage one is decided by the Independent Appeals Service (IAS/IRCAS), a contractor TfL says considers appeals on its behalf in accordance with TfL guidelines; stage two by the Appeals and Prosecutions Team in TfL's own Security, Policing and Enforcement directorate; stage three by the Independent Appeals Panel - appointed by TfL, required by the policy to work within TfL's regulations, policy and processes, and whose decision TfL states binds it.","Greater London Authority Act 1999, s.245 and Schedule 17 (as amended by the Transport for London Act 2008), administered under TfL's Penalty Fare Appeals Policy, version 11 (November 2025) - the policy is TfL's own document, not legislation.","TfL, ""Penalty fares and how to pay them""; TfL Penalty Fare Appeals Policy, version 11 (November 2025); Greater London Authority Act 1999, Schedule 17",https://www.catoappeals.com/penalty-fares/london-buses
london-overground,London Overground,tfl-mode,tfl,england,appeal-service,https://www.ircas.co.uk,https://tfl.gov.uk/fares/penalty-fares-and-how-to-pay-them,"£100 on all six TfL modes, reduced to £50 if paid within 21 days of the notice being issued. After a failed stage-one appeal the £50 window re-opens for 21 days from the rejection letter, then reverts to £100.",Appeal at stage one within 21 days beginning the day after the DATE OF TRAVEL - not the notice date; stages two and three within 14 days of the date of the previous rejection letter. No decision deadline is published for any stage.,"Three policy stages, none of the first two independent of TfL: stage one is decided by the Independent Appeals Service (IAS/IRCAS), a contractor TfL says considers appeals on its behalf in accordance with TfL guidelines; stage two by the Appeals and Prosecutions Team in TfL's own Security, Policing and Enforcement directorate; stage three by the Independent Appeals Panel - appointed by TfL, required by the policy to work within TfL's regulations, policy and processes, and whose decision TfL states binds it.","Greater London Authority Act 1999, s.245 and Schedule 17 (as amended by the Transport for London Act 2008), administered under TfL's Penalty Fare Appeals Policy, version 11 (November 2025) - the policy is TfL's own document, not legislation.","TfL, ""Penalty fares and how to pay them""; TfL Penalty Fare Appeals Policy, version 11 (November 2025); Greater London Authority Act 1999, Schedule 17",https://www.catoappeals.com/penalty-fares/london-overground
elizabeth-line,Elizabeth line,tfl-mode,tfl,england,appeal-service,https://www.ircas.co.uk,https://tfl.gov.uk/fares/penalty-fares-and-how-to-pay-them,"£100 on all six TfL modes, reduced to £50 if paid within 21 days of the notice being issued. After a failed stage-one appeal the £50 window re-opens for 21 days from the rejection letter, then reverts to £100.",Appeal at stage one within 21 days beginning the day after the DATE OF TRAVEL - not the notice date; stages two and three within 14 days of the date of the previous rejection letter. No decision deadline is published for any stage.,"Three policy stages, none of the first two independent of TfL: stage one is decided by the Independent Appeals Service (IAS/IRCAS), a contractor TfL says considers appeals on its behalf in accordance with TfL guidelines; stage two by the Appeals and Prosecutions Team in TfL's own Security, Policing and Enforcement directorate; stage three by the Independent Appeals Panel - appointed by TfL, required by the policy to work within TfL's regulations, policy and processes, and whose decision TfL states binds it.","Greater London Authority Act 1999, s.245 and Schedule 17 (as amended by the Transport for London Act 2008), administered under TfL's Penalty Fare Appeals Policy, version 11 (November 2025) - the policy is TfL's own document, not legislation.","TfL, ""Penalty fares and how to pay them""; TfL Penalty Fare Appeals Policy, version 11 (November 2025); Greater London Authority Act 1999, Schedule 17",https://www.catoappeals.com/penalty-fares/elizabeth-line
docklands-light-railway,Docklands Light Railway,tfl-mode,tfl,england,appeal-service,https://www.ircas.co.uk,https://tfl.gov.uk/fares/penalty-fares-and-how-to-pay-them,"£100 on all six TfL modes, reduced to £50 if paid within 21 days of the notice being issued. After a failed stage-one appeal the £50 window re-opens for 21 days from the rejection letter, then reverts to £100.",Appeal at stage one within 21 days beginning the day after the DATE OF TRAVEL - not the notice date; stages two and three within 14 days of the date of the previous rejection letter. No decision deadline is published for any stage.,"Three policy stages, none of the first two independent of TfL: stage one is decided by the Independent Appeals Service (IAS/IRCAS), a contractor TfL says considers appeals on its behalf in accordance with TfL guidelines; stage two by the Appeals and Prosecutions Team in TfL's own Security, Policing and Enforcement directorate; stage three by the Independent Appeals Panel - appointed by TfL, required by the policy to work within TfL's regulations, policy and processes, and whose decision TfL states binds it.","Greater London Authority Act 1999, s.245 and Schedule 17 (as amended by the Transport for London Act 2008), administered under TfL's Penalty Fare Appeals Policy, version 11 (November 2025) - the policy is TfL's own document, not legislation.","TfL, ""Penalty fares and how to pay them""; TfL Penalty Fare Appeals Policy, version 11 (November 2025); Greater London Authority Act 1999, Schedule 17",https://www.catoappeals.com/penalty-fares/docklands-light-railway
london-trams,London Trams,tfl-mode,tfl,england,internal,not published,https://tfl.gov.uk/fares/penalty-fares-and-how-to-pay-them,"£100 on all six TfL modes, reduced to £50 if paid within 21 days of the notice being issued. After a failed stage-one appeal the £50 window re-opens for 21 days from the rejection letter, then reverts to £100.",Appeal at stage one within 21 days beginning the day after the DATE OF TRAVEL - not the notice date; stages two and three within 14 days of the date of the previous rejection letter. No decision deadline is published for any stage.,"Three policy stages. Stage one for trams is decided by Tram Operations Ltd, by post to Croydon - not by IRCAS; stage two by the Appeals and Prosecutions Team in TfL's own Security, Policing and Enforcement directorate; stage three by the Independent Appeals Panel - appointed by TfL, required by the policy to work within TfL's regulations, policy and processes, and whose decision TfL states binds it.","Greater London Authority Act 1999, s.245 and Schedule 17 (as amended by the Transport for London Act 2008), administered under TfL's Penalty Fare Appeals Policy, version 11 (November 2025) - the policy is TfL's own document, not legislation. The Croydon Tramlink (Penalty Fares) Order 2003 (SI 2003/1614) applies Schedule 17, modified, to London Trams - including replacement bus services.","TfL Penalty Fare Appeals Policy, version 11 (November 2025); The Croydon Tramlink (Penalty Fares) Order 2003 (SI 2003/1614); Greater London Authority Act 1999, Schedule 17",https://www.catoappeals.com/penalty-fares/london-trams
manchester-metrolink,Manchester Metrolink,tram,tram,england,internal,not published,https://tfgm.com/tickets-and-passes/refunds-and-penalty-fares/penalty-fares-on-tram/penalty-fare-notice,"£120 - Metrolink calls it a ""Standard Fare (Penalty Fare)"" (conditions of carriage, condition 7) - halved to £60 if paid within 14 days of receipt; the full amount is due within 21 days.","Appeal within 21 days of receiving the notice (the conditions of carriage put it at 21 days of issue). Metrolink says it aims to reply with a decision within 14 days - an aim, not a deadline.","One internal review only, run for TfGM by KAM Revenue Recovery. Metrolink states it accepts appeals only in exceptional circumstances; no external or independent stage exists.",Metrolink's own conditions of carriage (condition 7); the Metrolink byelaws are made under the Greater Manchester (Light Rapid Transit System) Acts 1988. Not SI 2018/366 and not the TfL scheme - neither applies here.,"TfGM, ""Penalty fare notice""",https://www.catoappeals.com/penalty-fares/manchester-metrolink
nottingham-express-transit,Nottingham Express Transit,tram,tram,england,internal,not published,https://www.thetram.net/penalty-fares,"£120, halved to £60 if paid within 14 days; a £30 administration charge is added if it is still unpaid after 22 days.",The appeal form must be completed within 22 days of the penalty being issued - the same 22-day window as paying in full before the £30 charge. No decision deadline is published.,"One internal review only. NET accepts appeals only in exceptional circumstances, or with evidence that a ticket for the whole journey was bought and completed before boarding; no external or independent stage exists.",NET's own published conditions and penalty fares process. Not SI 2018/366 and not the TfL scheme - neither applies here.,"NET, ""Penalty fares""",https://www.catoappeals.com/penalty-fares/nottingham-express-transit
west-midlands-metro,West Midlands Metro,tram,tram,england,internal,not published,https://www.westmidlandsmetro.com/about/legal/penalty-fare-appeals-process/,"West Midlands Metro's own documents disagree: £100 per its ticketing terms and conditions (halved if paid within 14 days, due within 28 days of issue), but £10 per its published penalty fares scheme document, citing s.5(1) of the Midland Metro (Penalty Fares) Act 1991. Both are its own publications; both are stated here.","Its documents disagree here too: appeal within 21 days beginning the day after issue per the scheme document, or at any point within the 28-day period per the terms and conditions. The safest reading is 21 days. The scheme document says a received appeal suspends the payment period until a decision is made, and promises a stage-one decision within 14 days.","Two internal stages: the Network Manager, then - within 14 days of a stage-one rejection - the Operator's Panel (the Head of Operations and the Metro Customer Services Manager), whose decision is final. Neither stage is independent of the operator.","Midland Metro (Penalty Fares) Act 1991, ss.4 and 5(1), and the operator's published appeals process and ticketing terms. Not SI 2018/366 and not the TfL scheme.","West Midlands Metro, ""Penalty fare appeals process""",https://www.catoappeals.com/penalty-fares/west-midlands-metro
sheffield-supertram,Sheffield Supertram,tram,tram,england,not published,not published,https://www.travelsouthyorkshire.com/en-GB/supertram/tickets-fares,"£10 (conditions of carriage, condition 10), payable on the tram or by post within 21 days beginning the day after the journey. No discount tier.",,"No appeal route is published anywhere in Supertram's conditions or on its site. The conditions provide only for payment, on the tram or by post within 21 days.",Conditions of carriage (condition 10); prosecution is reserved under the South Yorkshire Light Rail Transit Act 1989.,Supertram conditions of carriage (live host CAPTCHA-walled; conditions read via the Wayback Machine),https://www.catoappeals.com/penalty-fares/sheffield-supertram
blackpool-tramway,Blackpool Tramway,tram,none,england,not published,not published,https://www.blackpooltransport.com/conditions-of-carriage,,,,,"Blackpool Transport, conditions of carriage",https://www.catoappeals.com/penalty-fares/blackpool-tramway
edinburgh-trams,Edinburgh Trams,tram,none,scotland,not published,not published,https://edinburghtrams.com/conditions-carriage,,,,,"Edinburgh Trams, conditions of carriage",https://www.catoappeals.com/penalty-fares/edinburgh-trams
glasgow-subway,Glasgow Subway,tram,none,scotland,not published,not published,https://www.spt.co.uk/about-us/who-we-are/our-services/glasgow-subway-byelaws/,,,,,"SPT, Glasgow Subway byelaws",https://www.catoappeals.com/penalty-fares/glasgow-subway
avanti-west-coast,Avanti West Coast,toc,ufn,england,not published,not published,https://www.avantiwestcoast.co.uk/about-us/policies-and-procedures/revenue-protection,,,,,"Avanti West Coast, ""Revenue protection""; Appeal Service (ITAL Group Ltd)",https://www.catoappeals.com/penalty-fares/avanti-west-coast
lner,LNER,toc,ufn,england,not published,not published,https://www.lner.co.uk/support/revenue-protection-policy/,,,,,"LNER, ""Revenue protection policy"" (live host bot-walled; archived copy of 1 July 2026)",https://www.catoappeals.com/penalty-fares/lner
lumo,Lumo,toc,ufn,england,not published,not published,https://www.lumo.co.uk/help/revenue-protection-policy,,,,,"Lumo, ""Revenue protection policy""",https://www.catoappeals.com/penalty-fares/lumo
crosscountry,CrossCountry,toc,ufn,england,not published,not published,https://www.crosscountrytrains.co.uk/help-support/contact-us/ticketless-travel,,,,,"CrossCountry, ""Ticketless travel""",https://www.catoappeals.com/penalty-fares/crosscountry
hull-trains,Hull Trains,toc,none,england,not published,not published,https://www.hulltrains.co.uk/support-and-contact/faqs,,,,,"Hull Trains, FAQs",https://www.catoappeals.com/penalty-fares/hull-trains
grand-central,Grand Central,toc,none,england,not published,not published,https://www.grandcentralrail.com/tickets/train-fares-policy,,,,,"Grand Central, ""Train fares policy""",https://www.catoappeals.com/penalty-fares/grand-central
heathrow-express,Heathrow Express,toc,none,england,not published,not published,https://www.heathrowexpress.com/docs/heathrow-express-conditions-of-carriage-july-2026.pdf,,,,,"Heathrow Express, conditions of carriage (July 2026)",https://www.catoappeals.com/penalty-fares/heathrow-express
caledonian-sleeper,Caledonian Sleeper,toc,none,scotland,not published,not published,https://www.sleeper.scot/auxiliary/terms-and-conditions/,,,,,"Caledonian Sleeper, terms and conditions; The Railways (Penalty Fares) Regulations 2018 (SI 2018/366)",https://www.catoappeals.com/penalty-fares/caledonian-sleeper
scotrail,ScotRail,toc,none,scotland,not published,not published,https://www.scotrail.co.uk/about-scotrail/our-rules-travel/revenue-protection-policy,,,,,"ScotRail, ""Revenue protection policy""; The Railways (Penalty Fares) Regulations 2018 (SI 2018/366)",https://www.catoappeals.com/penalty-fares/scotrail
