"feitcode","omschrijving","wettelijke_grondslag","artikel","tarief_2026_eur","zaken_2025","gemiddeld_bedrag_2025_eur","pagina"
"R315B","stilstaan op het trottoir, voetpad, fietspad, fiets/bromfietspad of het ruiterpad (niet de rijbaan gebruiken)","als bestuurder van een motorvoertuig niet de rijbaan gebruiken – door stil te staan op het trottoir, het voetpad, het fietspad, het fiets-/bromfietspad of het ruiterpad","10 lid 1 RVV 1990","130","121242","120.02","https://www.catoappeals.com/nl/feitcodes/r315b"
"R584","een voertuig parkeren waar dat niet mag (bord E1, parkeerverbod(szone))","als bestuurder een voertuig parkeren in strijd met (zone) bord E1 (parkeerverbod(szone))","62 jo. bord E1 RVV 1990","130","88975","119.86","https://www.catoappeals.com/nl/feitcodes/r584"
"R397I","Parkeren op een parkeerplaats voor vergunninghouders zonder (de juiste) vergunning (bord E9)","als bestuurder een voertuig parkeren – op een parkeerplaats voor vergunninghouders aangeduid door verkeersbord E9, zonder dat voor dat voertuig een vergunning tot parkeren op die plaats was verleend","24 lid 1 sub g RVV 1990","130","52168","120","https://www.catoappeals.com/nl/feitcodes/r397i"
"R400AE","Bij een blauwe streep parkeren zonder duidelijk zichtbare parkeerschijf achter de voorruit","als bestuurder een voertuig dubbel parkeren – dat motorvoertuig niet is voorzien van een duidelijk zichtbare achter de voorruit geplaatste parkeerschijf","25 lid 2 RVV 1990","130","34473","120","https://www.catoappeals.com/nl/feitcodes/r400ae"
"R397H","een voertuig parkeren op een plaats bestemd voor onmiddellijk laden en lossen van goederen","als bestuurder een voertuig parkeren – op een gelegenheid bestemd voor onmiddellijk laden en lossen van goederen","24 lid 1 sub f RVV 1990","130","27648","119.97","https://www.catoappeals.com/nl/feitcodes/r397h"
"R397EA","Parkeren met een ander doel dan op het bord is aangegeven","als bestuurder een voertuig parkeren – op een parkeergelegenheid, terwijl dat voertuig staat geparkeerd met een ander doel dan op het bord of op het onderbord is aangegeven","24 lid 1 sub d RVV 1990","130","18587","119.94","https://www.catoappeals.com/nl/feitcodes/r397ea"
"R406","zonder ontheffing / vergunning een voertuig laten staan of parkeren in een park, plantsoen, openbare beplanting of groenstrook","zonder ontheffing/vergunning een voertuig doen of laten staan in een park of plantsoen, op openbare beplantingen of groenstroken","Pl.V","130","16390","119.97","https://www.catoappeals.com/nl/feitcodes/r406"
"R397J","Parkeren buiten het vak op een parkeergelegenheid met één van de borden E4 tot en met E 10, E12 of E13","als bestuurder een voertuig parkeren – op een parkeergelegenheid aangeduid door één van de borden E4 tot en met E10, E12 of E13 van de bijlage I buiten de aangegeven parkeervakken","24 lid 4 RVV 1990","130","15064","119.98","https://www.catoappeals.com/nl/feitcodes/r397j"
"R402B","Parkeren op een gehandicaptenparkeerplaats zonder een duidelijk zichtbare en geldige gehandicaptenparkeerkaart","als bestuurder op een gehandicaptenparkeerplaats parkeren anders dan met een motorvoertuig op meer dan twee wielen waarin duidelijk zichtbaar is aangebracht een geldige gehandicaptenparkeerkaart","26 lid 1 RVV 1990","400","12996","378.46","https://www.catoappeals.com/nl/feitcodes/r402b"
"R397D","Een voertuig parkeren op een parkeerplaats die uitsluitend bestemd is voor andere voertuigen","als bestuurder een voertuig parkeren – op een parkeergelegenheid terwijl blijkens de aanduiding op of onder het bord, dat voertuig niet behoort tot de aangegeven categorie of groep voertuigen","24 lid 1 sub d RVV 1990","130","11812","118.65","https://www.catoappeals.com/nl/feitcodes/r397d"
"R585","een voertuig stil laten staan waar dat niet mag (bord E2, verbod stilstaan)","als bestuurder een voertuig laten stilstaan in strijd met bord E2 (verbod stilstaan)","62 jo. bord E2 RVV 1990","130","10198","119.9","https://www.catoappeals.com/nl/feitcodes/r585"
"R395","Een voertuig zo laten staan, dat gevaar op de weg wordt of kan worden veroorzaakt of verkeer wordt of kan worden gehinderd","een voertuig op een zodanige wijze laten staan waardoor op de weg gevaar wordt/kan worden veroorzaakt, dan wel het verkeer wordt/kan worden gehinderd","5 WVW 1994","190","9317","186.89","https://www.catoappeals.com/nl/feitcodes/r395"
"R397A","een voertuig parkeren binnen 5 meter van een kruispunt","als bestuurder een voertuig parkeren – bij een kruispunt op een afstand van minder dan vijf meter daarvan","24 lid 1 sub a RVV 1990","130","8939","120.01","https://www.catoappeals.com/nl/feitcodes/r397a"
"R478","Een motorvoertuig binnen een erf niet op een parkeerplaats parkeren","als bestuurder een motorvoertuig binnen een erf parkeren anders dan op parkeerplaatsen die als zodanig zijn aangeduid of aangegeven","46 RVV 1990","130","7295","120","https://www.catoappeals.com/nl/feitcodes/r478"
"R397B","een voertuig parkeren voor een inrit of uitrit","als bestuurder een voertuig parkeren – voor een inrit of uitrit","24 lid 1 sub b RVV 1990","130","6266","119.99","https://www.catoappeals.com/nl/feitcodes/r397b"
"R396I","een voertuig naast een gele doorgetrokken streep laten stilstaan","als bestuurder een voertuig laten stilstaan – langs een gele doorgetrokken streep","62 jo. 23 lid 1 sub g RVV 1990","130","5837","119.87","https://www.catoappeals.com/nl/feitcodes/r396i"
"R400AB","Bij een blauwe streep langer parkeren dan is toegestaan","als bestuurder een voertuig dubbel parkeren – de toegestane parkeerduur is verstreken","25 lid 4 RVV 1990","130","5303","119.99","https://www.catoappeals.com/nl/feitcodes/r400ab"
"R397F","Parkeren, terwijl dat volgens het bord niet is toegestaan op die dag of dat tijdstip","als bestuurder een voertuig parkeren – op een parkeergelegenheid, terwijl dat voertuig staat geparkeerd op dagen of uren waarop dit blijkens het onderbord is verboden","24 lid 1 sub d RVV 1990","130","4738","120","https://www.catoappeals.com/nl/feitcodes/r397f"
"R397G","een voertuig parkeren langs een gele onderbroken streep","als bestuurder een voertuig parkeren – langs een gele onderbroken streep","24 lid 1 sub e RVV 1990","130","4581","120.01","https://www.catoappeals.com/nl/feitcodes/r397g"
"R402C","Met een voertuig parkeren op een gehandicaptenparkeerplaats die is gereserveerd voor een ander voertuig","als bestuurder op een gehandicaptenparkeerplaats parkeren anders dan met een voertuig dat voor die gereserveerde gehandicaptenparkeerplaats bestemd is","26 lid 1 RVV 1990","500","4212","498.43","https://www.catoappeals.com/nl/feitcodes/r402c"
"R398","een voertuig dubbel parkeren","als bestuurder een voertuig dubbel parkeren","24 lid 3 RVV 1990","130","3341","119.96","https://www.catoappeals.com/nl/feitcodes/r398"
"R414A","Een groot voertuig (langer dan 6 meter of hoger dan 2,4 meter) parkeren waar dit is verboden vanwege het uitzicht en/of het uiterlijk aanzien van de gemeente","een voertuig dat, met inbegrip van de lading – langer is dan 6 m of hoger is dan 2,4 m zonder ontheffing/vergunning parkeren op een door het college of de burgemeester aangewezen plaats waar dit naar zijn oordeel schadelijk is voor het uiterlijk aanzien van de gemeente","Pl.V","130","3166","119.27","https://www.catoappeals.com/nl/feitcodes/r414a"
"R401","Niet op een parkeerplaats parkeren in een zone waar parkeren alleen is toegestaan met een parkeerschijf","als bestuurder een voertuig parkeren in een parkeerschijfzone, anders dan op een parkeerplaats die als zodanig is aangeduid of aangegeven of die is voorzien van een blauwe streep","25 lid 1 RVV 1990","130","3136","119.98","https://www.catoappeals.com/nl/feitcodes/r401"
"R400AF","parkeren bij blauwe streep terwijl op parkeerschijf niet juiste tijdstip begin parkeren is weergegeven","als bestuurder een voertuig dubbel parkeren – dat motorvoertuig niet is voorzien van een parkeerschijf, waarop aan de getoonde zijde slechts één kalenderuren aanduidende cijferreeks staat die vanaf het begin van het parkeren in duidelijk leesbare cijfers tegen een contrasterende achtergrond in hele of halve uren het tijdstip weergeeft waarop met het parkeren is begonnen","25 lid 3 RVV 1990","130","3022","119.99","https://www.catoappeals.com/nl/feitcodes/r400af"
"R397E","Parkeren op een andere manier dan op het bord staat","als bestuurder een voertuig parkeren – op een parkeergelegenheid, terwijl dat voertuig staat geparkeerd op een andere wijze dan op het bord of op het onderbord is aangegeven","24 lid 1 sub d RVV 1990","130","1895","119.41","https://www.catoappeals.com/nl/feitcodes/r397e"
"R396D","een voertuig op of binnen 5 meter van een oversteekplaats laten stilstaan","als bestuurder een voertuig laten stilstaan – op een oversteekplaats of binnen een afstand van vijf meter daarvan","23 lid 1 sub c RVV 1990","130","1496","119.89","https://www.catoappeals.com/nl/feitcodes/r396d"
"R495","een caravan, kampeerwagen, aanhangwagen, keetwagen, magazijnwagen of iets dergelijks, langer op een weg laten staan dan is toegestaan","zonder ontheffing/vergunning een kampeerwagen, caravan, magazijnwagen, keetwagen, aanhangwagen of ander dergelijk voertuig op een door het college of de burgemeester aangewezen weg waar dit niet is toegestaan, langer dan de vastgestelde termijn te plaatsen of hebben","Pl.V","130","1458","120","https://www.catoappeals.com/nl/feitcodes/r495"
"R396A","een voertuig op een kruispunt laten stilstaan","als bestuurder een voertuig laten stilstaan – op een kruispunt","23 lid 1 sub a RVV 1990","190","1332","188.6","https://www.catoappeals.com/nl/feitcodes/r396a"
"R396B","een voertuig op een fietsstrook laten stilstaan","als bestuurder een voertuig laten stilstaan – op een fietsstrook","23 lid 1 sub b RVV 1990","130","1274","119.81","https://www.catoappeals.com/nl/feitcodes/r396b"
"R465C","stilstaan op de vluchtstrook of vluchthaven van een autosnelweg zonder dat sprake is van een noodgeval","behoudens in noodgevallen als weggebruiker op een autosnelweg – op de vluchtstrook of vluchthaven stilstaan","43 lid 3 RVV 1990","320","1180","309.22","https://www.catoappeals.com/nl/feitcodes/r465c"
"R592A","parkeren op een parkeerplaats voor vergunninghouders in strijd met de aan de vergunning verbonden voorwaarden","als bestuurder van een voertuig parkeren op een parkeerplaats voor vergunninghouders in strijd met de aan de parkeervergunning verbonden voorwaarden","Pl.V","130","972","120","https://www.catoappeals.com/nl/feitcodes/r592a"
"R414B","Een voertuig dat zelf of met lading langer dan 6 meter is parkeren op een tijdstip waarop dit niet is toegestaan vanwege de beperkte beschikbare parkeerruimte","een voertuig dat, met inbegrip van de lading – langer is dan 6 m, buiten de vastgestelde tijden, zonder ontheffing/vergunning parkeren op een door het college of de burgemeester aangewezen weg, waar dit parkeren buitensporig is met het oog op de verdeling van de beschikbare parkeerruimte","Pl.V","130","524","119.14","https://www.catoappeals.com/nl/feitcodes/r414b"
"R396F","een voertuig bij een bord bushalte en naast de geblokte markering van een bushalte laten stilstaan","als bestuurder een voertuig laten stilstaan – bij een bord bushalte ter hoogte van de geblokte markering","23 lid 1 sub e RVV 1990","130","447","120","https://www.catoappeals.com/nl/feitcodes/r396f"
"R494","een defect voertuig langer op een weg parkeren dan mag","een defect voertuig langer dan de vastgestelde termijn op een weg parkeren","Pl.V","130","253","120","https://www.catoappeals.com/nl/feitcodes/r494"
"R414C","parkeren van een voertuig langer dan 6 m/ hoger dan 2,4 m hinderlijk voor bewoners/gebruikers gebouw","een voertuig dat, met inbegrip van de lading – langer is dan 6 m of hoger is dan 2,4 m zodanig parkeren bij een voor bewoning of ander dagelijks gebruik bestemd gebouw dat daardoor het uitzicht van bewoners of gebruikers vanuit dat gebouw op hinderlijke wijze wordt belemmerd of op andere wijze hinder/overlast wordt aangedaan","Pl.V","130","160","120","https://www.catoappeals.com/nl/feitcodes/r414c"
"R409B","Parkeren bij een parkeerautomaat na afloop van de parkeertijd op het parkeerkaartje","als bestuurder een voertuig parkeren op een parkeerterrein waar dit slechts met gebruikmaking van een ter plaatse aangebrachte parkeerautomaat is toegestaan – terwijl de op de parkeerkaart aangegeven parkeertijd is verstreken","Pl.V","130","148","120","https://www.catoappeals.com/nl/feitcodes/r409b"
"R396H","een voertuig op de rijbaan naast een busstrook laten stilstaan","als bestuurder een voertuig laten stilstaan – op de rijbaan langs een busstrook","23 lid 1 sub f RVV 1990","130","140","120","https://www.catoappeals.com/nl/feitcodes/r396h"
"R396C","een voertuig op de rijbaan naast een fietsstrook laten stilstaan","als bestuurder een voertuig laten stilstaan – op de rijbaan langs een fietsstrook","23 lid 1 sub b RVV 1990","130","130","119.96","https://www.catoappeals.com/nl/feitcodes/r396c"
"R472C","stilstaan op de vluchtstrook of vluchthaven van een autoweg zonder dat sprake is van een noodgeval","behoudens in noodgevallen als weggebruiker op een autoweg – op de vluchtstrook of vluchthaven stilstaan","43 lid 3 RVV 1990","320","119","309.16","https://www.catoappeals.com/nl/feitcodes/r472c"
"R396G","Stilstaan binnen 12 m. van bord bushaltezonder geblokte markering","als bestuurder een voertuig laten stilstaan – bij een bord bushalte op een afstand van minder dan twaalf meter van dat bord terwijl de geblokte markering niet is aangebracht","23 lid 1 sub e RVV 1990","130","115","119.35","https://www.catoappeals.com/nl/feitcodes/r396g"
"R409A","Parkeren bij een parkeerautomaat zonder een parkeerkaart op de verplichte manier te plaatsen","als bestuurder een voertuig parkeren op een parkeerterrein waar dit slechts met gebruikmaking van een ter plaatse aangebrachte parkeerautomaat is toegestaan – anders dan voorzien van een door de parkeerautomaat afgegeven parkeerkaart, aangebracht op de voorgeschreven wijze","Pl.V","130","101","120","https://www.catoappeals.com/nl/feitcodes/r409a"
"R402D","parkeren op gehand.parkeerplaats anders dan dat het parkeren rechtstreeks verband houdt met vervoer gehandicapte","als bestuurder op een gehandicaptenparkeerplaats parkeren anders dan dat het parkeren rechtstreeks verband houdt met het vervoer van een gehandicapte","26 lid 1 RVV 1990","400","95","376.95","https://www.catoappeals.com/nl/feitcodes/r402d"
"R397C","een voertuig parkeren op de rijbaan van een voorrangsweg buiten de bebouwde kom","als bestuurder een voertuig parkeren – buiten de bebouwde kom op de rijbaan van een voorrangsweg","24 lid 1 sub c RVV 1990","130","67","120","https://www.catoappeals.com/nl/feitcodes/r397c"
"R406A","In een recreatiegebied een voertuig aanwezig hebben of parkeren waar dat niet is toegestaan","een recreatiegebied gebruiken in strijd met de bepalingen geldend voor dat gebied door het parkeren of aanwezig hebben van een voertuig","Pl.V","130","39","108.85","https://www.catoappeals.com/nl/feitcodes/r406a"
"R409D","Parkeren op een parkeerterrein na afloop van de parkeertijd op de parkeerautomaat","als bestuurder een voertuig parkeren op een parkeerterrein waar dit slechts met gebruikmaking van een ter plaatse aangebrachte parkeerautomaat is toegestaan – terwijl de op de parkeerautomaat aangegeven parkeertijd is verstreken","Pl.V","130","35","120","https://www.catoappeals.com/nl/feitcodes/r409d"
"R403A","Parkeren zonder de parkeermeter te gebruiken of na afloop van de ingestelde parkeertijd","als bestuurder een motorvoertuig op meer dan twee wielen parkeren bij een parkeermeter tijdens een aangegeven tijdvak, terwijl de parkeermeter niet in werking is gesteld of aangeeft dat de parkeerduur is verstreken","Pl.V","130","13","120","https://www.catoappeals.com/nl/feitcodes/r403a"
"R493","een geparkeerd voertuig te koop aanbieden of verhandelen op een weg of weggedeelte waar dat niet is toegestaan","zonder ontheffing/vergunning een geparkeerd voertuig op een door het college of de burgemeester aangewezen weg, waar dit niet is toegestaan, met het kennelijke doel te koop aanbieden of te verhandelen","Pl.V","260","12","240","https://www.catoappeals.com/nl/feitcodes/r493"
"R496","een voertuig met handelsreclame parkeren op een weg met als doel handelsreclame te maken","zonder ontheffing/vergunning een voertuig dat is voorzien van een aanduiding van handelsreclame op een weg parkeren met als doel handelsreclame te maken","Pl.V","260","12","240","https://www.catoappeals.com/nl/feitcodes/r496"
"R409C","Parkeren op een parkeerterrein met een parkeerautomaat zonder de parkeerautomaat te gebruiken","als bestuurder een voertuig parkeren op een parkeerterrein waar dit slechts met gebruikmaking van een ter plaatse aangebrachte parkeerautomaat is toegestaan – zonder de aangebrachte parkeerautomaat in werking te stellen","Pl.V","130","8","120","https://www.catoappeals.com/nl/feitcodes/r409c"
"R451C","s Nachts, of overdag bij slecht zicht, als bestuurder van een motorvoertuig stilstaan op de rijbaan buiten de bebouwde kom of op een parkeerstrook, parkeerhaven, vluchtstrook of vluchthaven naast een autoweg of snelweg zonder brandend stadslicht en/of achterlicht","bij nacht of bij dag, indien het zicht ernstig wordt belemmerd niet een lantaarn meevoeren die naar voren wit of geel licht en naar achteren rood licht straalt – als bestuurder van een stilstaand motorvoertuig","38 RVV 1990","190","7","188.57","https://www.catoappeals.com/nl/feitcodes/r451c"
"R396J","een voertuig laten stilstaan op een spoorwegovergang (overweg)","als bestuurder een voertuig laten stilstaan – op een overweg","23 lid 1 sub a RVV 1990","130","6","120","https://www.catoappeals.com/nl/feitcodes/r396j"
"R396E","een voertuig in een tunnel laten stilstaan","als bestuurder een voertuig laten stilstaan – in een tunnel","23 lid 1 sub d RVV 1990","130","4","120","https://www.catoappeals.com/nl/feitcodes/r396e"
