slug,name,enforces,prefixes,source,source_url,page
barking-and-dagenham,Barking and Dagenham,bus lanes and moving traffic restrictions,,PATROL Authority Directory,https://www.patrol-uk.info/authority-directory,https://www.catoappeals.com/bus-lane-pcn/barking-and-dagenham
bath-and-north-east-somerset-council,Bath and North East Somerset Council,bus lanes and moving traffic restrictions,BN,PATROL Authority Directory,https://www.patrol-uk.info/authority-directory,https://www.catoappeals.com/bus-lane-pcn/bath-and-north-east-somerset-council
bedford-borough-council,Bedford Borough Council,bus lanes and moving traffic restrictions,BF,PATROL Authority Directory,https://www.patrol-uk.info/authority-directory,https://www.catoappeals.com/bus-lane-pcn/bedford-borough-council
bexley,Bexley,moving traffic restrictions,XL,PATROL Authority Directory,https://www.patrol-uk.info/authority-directory,https://www.catoappeals.com/bus-lane-pcn/bexley
birmingham-city-council,Birmingham City Council,bus lanes and moving traffic restrictions,BM; JJ; KW; LR,PATROL Authority Directory,https://www.patrol-uk.info/authority-directory,https://www.catoappeals.com/bus-lane-pcn/birmingham-city-council
blackburn-with-darwen-borough-council,Blackburn with Darwen Borough Council,bus lanes,DB; LY,PATROL Authority Directory,https://www.patrol-uk.info/authority-directory,https://www.catoappeals.com/bus-lane-pcn/blackburn-with-darwen-borough-council
blackpool-council,Blackpool Council,bus lanes,BP,PATROL Authority Directory,https://www.patrol-uk.info/authority-directory,https://www.catoappeals.com/bus-lane-pcn/blackpool-council
bolton-council,Bolton Council,bus lanes,BO,PATROL Authority Directory,https://www.patrol-uk.info/authority-directory,https://www.catoappeals.com/bus-lane-pcn/bolton-council
bournemouth-christchurch-and-poole-bcp,"Bournemouth, Christchurch and Poole (BCP)",bus lanes,RD,PATROL Authority Directory,https://www.patrol-uk.info/authority-directory,https://www.catoappeals.com/bus-lane-pcn/bournemouth-christchurch-and-poole-bcp
brent,Brent,bus lanes and moving traffic restrictions,,PATROL Authority Directory,https://www.patrol-uk.info/authority-directory,https://www.catoappeals.com/bus-lane-pcn/brent
brighton-and-hove-city-council,Brighton and Hove City Council,bus lanes and moving traffic restrictions,BH,PATROL Authority Directory,https://www.patrol-uk.info/authority-directory,https://www.catoappeals.com/bus-lane-pcn/brighton-and-hove-city-council
bristol-city-council,Bristol City Council,bus lanes and moving traffic restrictions,BS; OB,PATROL Authority Directory,https://www.patrol-uk.info/authority-directory,https://www.catoappeals.com/bus-lane-pcn/bristol-city-council
bromley,Bromley,bus lanes and moving traffic restrictions,BY,PATROL Authority Directory,https://www.patrol-uk.info/authority-directory,https://www.catoappeals.com/bus-lane-pcn/bromley
buckinghamshire-council,Buckinghamshire Council,moving traffic restrictions,UK; AA; PJ,PATROL Authority Directory,https://www.patrol-uk.info/authority-directory,https://www.catoappeals.com/bus-lane-pcn/buckinghamshire-council
bury-metropolitan-borough-council,Bury Metropolitan Borough Council,bus lanes,BC,PATROL Authority Directory,https://www.patrol-uk.info/authority-directory,https://www.catoappeals.com/bus-lane-pcn/bury-metropolitan-borough-council
cambridgeshire-county-council,Cambridgeshire County Council,bus lanes and moving traffic restrictions,FC; YA,PATROL Authority Directory,https://www.patrol-uk.info/authority-directory,https://www.catoappeals.com/bus-lane-pcn/cambridgeshire-county-council
camden,Camden,bus lanes and moving traffic restrictions,CU,PATROL Authority Directory,https://www.patrol-uk.info/authority-directory,https://www.catoappeals.com/bus-lane-pcn/camden
cardiff-council,Cardiff Council,bus lanes and moving traffic restrictions,QC,PATROL Authority Directory,https://www.patrol-uk.info/authority-directory,https://www.catoappeals.com/bus-lane-pcn/cardiff-council
carmarthenshire-county-council,Carmarthenshire County Council,bus lanes and moving traffic restrictions,CM,PATROL Authority Directory,https://www.patrol-uk.info/authority-directory,https://www.catoappeals.com/bus-lane-pcn/carmarthenshire-county-council
central-bedfordshire-council,Central Bedfordshire Council,bus lanes and moving traffic restrictions,QB,PATROL Authority Directory,https://www.patrol-uk.info/authority-directory,https://www.catoappeals.com/bus-lane-pcn/central-bedfordshire-council
cheltenham-borough-council-on-street,Cheltenham Borough Council (On Street),bus lanes and moving traffic restrictions,GD,PATROL Authority Directory,https://www.patrol-uk.info/authority-directory,https://www.catoappeals.com/bus-lane-pcn/cheltenham-borough-council-on-street
cheshire-west-and-chester-council,Cheshire West and Chester Council,bus lanes and moving traffic restrictions,AW,PATROL Authority Directory,https://www.patrol-uk.info/authority-directory,https://www.catoappeals.com/bus-lane-pcn/cheshire-west-and-chester-council
city-of-bradford-metropolitan-district-council,City of Bradford Metropolitan District Council,bus lanes,BQ; DY,PATROL Authority Directory,https://www.patrol-uk.info/authority-directory,https://www.catoappeals.com/bus-lane-pcn/city-of-bradford-metropolitan-district-council
city-of-doncaster-council,City of Doncaster Council,bus lanes,DN,PATROL Authority Directory,https://www.patrol-uk.info/authority-directory,https://www.catoappeals.com/bus-lane-pcn/city-of-doncaster-council
city-of-london,City of London,bus lanes and moving traffic restrictions,CL,PATROL Authority Directory,https://www.patrol-uk.info/authority-directory,https://www.catoappeals.com/bus-lane-pcn/city-of-london
city-of-york-council,City of York Council,bus lanes,YC; YR,PATROL Authority Directory,https://www.patrol-uk.info/authority-directory,https://www.catoappeals.com/bus-lane-pcn/city-of-york-council
cotswold-district-council,Cotswold District Council,bus lanes and moving traffic restrictions,GD; ZD,PATROL Authority Directory,https://www.patrol-uk.info/authority-directory,https://www.catoappeals.com/bus-lane-pcn/cotswold-district-council
coventry-city-council,Coventry City Council,bus lanes and moving traffic restrictions,CV,PATROL Authority Directory,https://www.patrol-uk.info/authority-directory,https://www.catoappeals.com/bus-lane-pcn/coventry-city-council
croydon,Croydon,bus lanes,CR,PATROL Authority Directory,https://www.patrol-uk.info/authority-directory,https://www.catoappeals.com/bus-lane-pcn/croydon
derby-city-council,Derby City Council,bus lanes and moving traffic restrictions,DR,PATROL Authority Directory,https://www.patrol-uk.info/authority-directory,https://www.catoappeals.com/bus-lane-pcn/derby-city-council
devon-county-council,Devon County Council,bus lanes and moving traffic restrictions,YD,PATROL Authority Directory,https://www.patrol-uk.info/authority-directory,https://www.catoappeals.com/bus-lane-pcn/devon-county-council
durham-county-council,Durham County Council,bus lanes and moving traffic restrictions,DU,PATROL Authority Directory,https://www.patrol-uk.info/authority-directory,https://www.catoappeals.com/bus-lane-pcn/durham-county-council
ealing,Ealing,bus lanes and moving traffic restrictions,EA; AO,PATROL Authority Directory,https://www.patrol-uk.info/authority-directory,https://www.catoappeals.com/bus-lane-pcn/ealing
east-sussex-county-council-eastbourne,East Sussex County Council (Eastbourne),bus lanes,EU,PATROL Authority Directory,https://www.patrol-uk.info/authority-directory,https://www.catoappeals.com/bus-lane-pcn/east-sussex-county-council-eastbourne
east-sussex-county-council-hastings,East Sussex County Council (Hastings),bus lanes,ZH,PATROL Authority Directory,https://www.patrol-uk.info/authority-directory,https://www.catoappeals.com/bus-lane-pcn/east-sussex-county-council-hastings
east-sussex-county-council-lewes,East Sussex County Council (Lewes),bus lanes,LW,PATROL Authority Directory,https://www.patrol-uk.info/authority-directory,https://www.catoappeals.com/bus-lane-pcn/east-sussex-county-council-lewes
enfield,Enfield,bus lanes and moving traffic restrictions,,PATROL Authority Directory,https://www.patrol-uk.info/authority-directory,https://www.catoappeals.com/bus-lane-pcn/enfield
essex-county-council,Essex County Council,bus lanes,ES,PATROL Authority Directory,https://www.patrol-uk.info/authority-directory,https://www.catoappeals.com/bus-lane-pcn/essex-county-council
gateshead-council,Gateshead Council,bus lanes,GH,PATROL Authority Directory,https://www.patrol-uk.info/authority-directory,https://www.catoappeals.com/bus-lane-pcn/gateshead-council
gloucestershire-county-council,Gloucestershire County Council,bus lanes and moving traffic restrictions,GD,PATROL Authority Directory,https://www.patrol-uk.info/authority-directory,https://www.catoappeals.com/bus-lane-pcn/gloucestershire-county-council
greenwich,Greenwich,bus lanes and moving traffic restrictions,GR,PATROL Authority Directory,https://www.patrol-uk.info/authority-directory,https://www.catoappeals.com/bus-lane-pcn/greenwich
hackney,Hackney,bus lanes and moving traffic restrictions,QZ,PATROL Authority Directory,https://www.patrol-uk.info/authority-directory,https://www.catoappeals.com/bus-lane-pcn/hackney
hammersmith-and-fulham,Hammersmith and Fulham,bus lanes and moving traffic restrictions,HZ,PATROL Authority Directory,https://www.patrol-uk.info/authority-directory,https://www.catoappeals.com/bus-lane-pcn/hammersmith-and-fulham
hampshire-county-council,Hampshire County Council,bus lanes and moving traffic restrictions,PV,PATROL Authority Directory,https://www.patrol-uk.info/authority-directory,https://www.catoappeals.com/bus-lane-pcn/hampshire-county-council
haringey,Haringey,bus lanes and moving traffic restrictions,ZN,PATROL Authority Directory,https://www.patrol-uk.info/authority-directory,https://www.catoappeals.com/bus-lane-pcn/haringey
harrow,Harrow,bus lanes and moving traffic restrictions,HR,PATROL Authority Directory,https://www.patrol-uk.info/authority-directory,https://www.catoappeals.com/bus-lane-pcn/harrow
havering,Havering,bus lanes and moving traffic restrictions,HG,PATROL Authority Directory,https://www.patrol-uk.info/authority-directory,https://www.catoappeals.com/bus-lane-pcn/havering
hertfordshire-county-council,Hertfordshire County Council,bus lanes and moving traffic restrictions,JY,PATROL Authority Directory,https://www.patrol-uk.info/authority-directory,https://www.catoappeals.com/bus-lane-pcn/hertfordshire-county-council
hillingdon,Hillingdon,bus lanes and moving traffic restrictions,,PATROL Authority Directory,https://www.patrol-uk.info/authority-directory,https://www.catoappeals.com/bus-lane-pcn/hillingdon
hounslow,Hounslow,bus lanes and moving traffic restrictions,,PATROL Authority Directory,https://www.patrol-uk.info/authority-directory,https://www.catoappeals.com/bus-lane-pcn/hounslow
islington,Islington,bus lanes and moving traffic restrictions,,PATROL Authority Directory,https://www.patrol-uk.info/authority-directory,https://www.catoappeals.com/bus-lane-pcn/islington
kensington-and-chelsea,Kensington and Chelsea,moving traffic restrictions,KE,PATROL Authority Directory,https://www.patrol-uk.info/authority-directory,https://www.catoappeals.com/bus-lane-pcn/kensington-and-chelsea
kent-county-council,Kent County Council,bus lanes and moving traffic restrictions,KN,PATROL Authority Directory,https://www.patrol-uk.info/authority-directory,https://www.catoappeals.com/bus-lane-pcn/kent-county-council
kent-county-council-with-tunbridge-wells-borough-council,Kent County Council (Tunbridge Wells),bus lanes,KU,PATROL Authority Directory,https://www.patrol-uk.info/authority-directory,https://www.catoappeals.com/bus-lane-pcn/kent-county-council-with-tunbridge-wells-borough-council
kingston-upon-hull-city-council,Kingston upon Hull City Council,bus lanes and moving traffic restrictions,KH,PATROL Authority Directory,https://www.patrol-uk.info/authority-directory,https://www.catoappeals.com/bus-lane-pcn/kingston-upon-hull-city-council
kingston-upon-thames,Kingston upon Thames,bus lanes and moving traffic restrictions,QT,PATROL Authority Directory,https://www.patrol-uk.info/authority-directory,https://www.catoappeals.com/bus-lane-pcn/kingston-upon-thames
kirklees-metropolitan-council,Kirklees Metropolitan Council,bus lanes,KM,PATROL Authority Directory,https://www.patrol-uk.info/authority-directory,https://www.catoappeals.com/bus-lane-pcn/kirklees-metropolitan-council
knowsley-metropolitan-borough-council,Knowsley Metropolitan Borough Council,moving traffic restrictions,KI,PATROL Authority Directory,https://www.patrol-uk.info/authority-directory,https://www.catoappeals.com/bus-lane-pcn/knowsley-metropolitan-borough-council
lambeth,Lambeth,bus lanes and moving traffic restrictions,LJ,PATROL Authority Directory,https://www.patrol-uk.info/authority-directory,https://www.catoappeals.com/bus-lane-pcn/lambeth
lancashire-county-council,Lancashire County Council,bus lanes and moving traffic restrictions,LQ,PATROL Authority Directory,https://www.patrol-uk.info/authority-directory,https://www.catoappeals.com/bus-lane-pcn/lancashire-county-council
leeds-city-council,Leeds City Council,bus lanes and moving traffic restrictions,LS,PATROL Authority Directory,https://www.patrol-uk.info/authority-directory,https://www.catoappeals.com/bus-lane-pcn/leeds-city-council
leicester-city-council,Leicester City Council,bus lanes and moving traffic restrictions,LE; LG,PATROL Authority Directory,https://www.patrol-uk.info/authority-directory,https://www.catoappeals.com/bus-lane-pcn/leicester-city-council
leicester-city-council-bus-lanes-lg,Leicester City Council (Bus Lanes - LG),bus lanes and moving traffic restrictions,LG,PATROL Authority Directory,https://www.patrol-uk.info/authority-directory,https://www.catoappeals.com/bus-lane-pcn/leicester-city-council-bus-lanes-lg
lewisham,Lewisham,bus lanes and moving traffic restrictions,ZY; LX,PATROL Authority Directory,https://www.patrol-uk.info/authority-directory,https://www.catoappeals.com/bus-lane-pcn/lewisham
liverpool-city-council,Liverpool City Council,bus lanes and moving traffic restrictions,LV,PATROL Authority Directory,https://www.patrol-uk.info/authority-directory,https://www.catoappeals.com/bus-lane-pcn/liverpool-city-council
luton-borough-council,Luton Borough Council,bus lanes and moving traffic restrictions,LU; QU,PATROL Authority Directory,https://www.patrol-uk.info/authority-directory,https://www.catoappeals.com/bus-lane-pcn/luton-borough-council
manchester-city-council,Manchester City Council,bus lanes and moving traffic restrictions,MC; ME; QM; ON,PATROL Authority Directory,https://www.patrol-uk.info/authority-directory,https://www.catoappeals.com/bus-lane-pcn/manchester-city-council
medway-council,Medway Council,bus lanes and moving traffic restrictions,MW,PATROL Authority Directory,https://www.patrol-uk.info/authority-directory,https://www.catoappeals.com/bus-lane-pcn/medway-council
merton,Merton,bus lanes and moving traffic restrictions,,PATROL Authority Directory,https://www.patrol-uk.info/authority-directory,https://www.catoappeals.com/bus-lane-pcn/merton
metropolitan-borough-of-wirral,Metropolitan Borough of Wirral,moving traffic restrictions,WL,PATROL Authority Directory,https://www.patrol-uk.info/authority-directory,https://www.catoappeals.com/bus-lane-pcn/metropolitan-borough-of-wirral
middlesbrough-council,Middlesbrough Council,bus lanes,MR,PATROL Authority Directory,https://www.patrol-uk.info/authority-directory,https://www.catoappeals.com/bus-lane-pcn/middlesbrough-council
newcastle-city-council,Newcastle City Council,bus lanes and moving traffic restrictions,NU; LK; NA,PATROL Authority Directory,https://www.patrol-uk.info/authority-directory,https://www.catoappeals.com/bus-lane-pcn/newcastle-city-council
newham,Newham,bus lanes and moving traffic restrictions,,PATROL Authority Directory,https://www.patrol-uk.info/authority-directory,https://www.catoappeals.com/bus-lane-pcn/newham
norfolk-county-council,Norfolk County Council,bus lanes and moving traffic restrictions,JX,PATROL Authority Directory,https://www.patrol-uk.info/authority-directory,https://www.catoappeals.com/bus-lane-pcn/norfolk-county-council
north-northamptonshire-council,North Northamptonshire Council,bus lanes and moving traffic restrictions,NO,PATROL Authority Directory,https://www.patrol-uk.info/authority-directory,https://www.catoappeals.com/bus-lane-pcn/north-northamptonshire-council
north-somerset-council,North Somerset Council,bus lanes,NS,PATROL Authority Directory,https://www.patrol-uk.info/authority-directory,https://www.catoappeals.com/bus-lane-pcn/north-somerset-council
north-tyneside-council,North Tyneside Council,bus lanes,NH,PATROL Authority Directory,https://www.patrol-uk.info/authority-directory,https://www.catoappeals.com/bus-lane-pcn/north-tyneside-council
north-yorkshire-council,North Yorkshire Council,moving traffic restrictions,HA; YN,PATROL Authority Directory,https://www.patrol-uk.info/authority-directory,https://www.catoappeals.com/bus-lane-pcn/north-yorkshire-council
northumberland-county-council,Northumberland County Council,bus lanes,NV; UN,PATROL Authority Directory,https://www.patrol-uk.info/authority-directory,https://www.catoappeals.com/bus-lane-pcn/northumberland-county-council
nottingham-city-council,Nottingham City Council,bus lanes and moving traffic restrictions,NG,PATROL Authority Directory,https://www.patrol-uk.info/authority-directory,https://www.catoappeals.com/bus-lane-pcn/nottingham-city-council
nottinghamshire-county-council,Nottinghamshire County Council,bus lanes and moving traffic restrictions,NQ,PATROL Authority Directory,https://www.patrol-uk.info/authority-directory,https://www.catoappeals.com/bus-lane-pcn/nottinghamshire-county-council
oldham-metropolitan-borough-council,Oldham Metropolitan Borough Council,bus lanes and moving traffic restrictions,OD,PATROL Authority Directory,https://www.patrol-uk.info/authority-directory,https://www.catoappeals.com/bus-lane-pcn/oldham-metropolitan-borough-council
oxfordshire-county-council,Oxfordshire County Council,bus lanes and moving traffic restrictions,OX,PATROL Authority Directory,https://www.patrol-uk.info/authority-directory,https://www.catoappeals.com/bus-lane-pcn/oxfordshire-county-council
peterborough-city-council,Peterborough City Council,moving traffic restrictions,PB,PATROL Authority Directory,https://www.patrol-uk.info/authority-directory,https://www.catoappeals.com/bus-lane-pcn/peterborough-city-council
plymouth-city-council,Plymouth City Council,bus lanes,PL,PATROL Authority Directory,https://www.patrol-uk.info/authority-directory,https://www.catoappeals.com/bus-lane-pcn/plymouth-city-council
portsmouth-city-council,Portsmouth City Council,bus lanes and moving traffic restrictions,PO,PATROL Authority Directory,https://www.patrol-uk.info/authority-directory,https://www.catoappeals.com/bus-lane-pcn/portsmouth-city-council
reading-borough-council,Reading Borough Council,bus lanes and moving traffic restrictions,RG,PATROL Authority Directory,https://www.patrol-uk.info/authority-directory,https://www.catoappeals.com/bus-lane-pcn/reading-borough-council
redbridge,Redbridge,bus lanes and moving traffic restrictions,,PATROL Authority Directory,https://www.patrol-uk.info/authority-directory,https://www.catoappeals.com/bus-lane-pcn/redbridge
richmond-upon-thames,Richmond upon Thames,bus lanes and moving traffic restrictions,RT,PATROL Authority Directory,https://www.patrol-uk.info/authority-directory,https://www.catoappeals.com/bus-lane-pcn/richmond-upon-thames
rochdale-metropolitan-borough-council,Rochdale Metropolitan Borough Council,moving traffic restrictions,RE,PATROL Authority Directory,https://www.patrol-uk.info/authority-directory,https://www.catoappeals.com/bus-lane-pcn/rochdale-metropolitan-borough-council
rotherham-metropolitan-borough-council,Rotherham Metropolitan Borough Council,moving traffic restrictions,RH,PATROL Authority Directory,https://www.patrol-uk.info/authority-directory,https://www.catoappeals.com/bus-lane-pcn/rotherham-metropolitan-borough-council
royal-borough-of-windsor-and-maidenhead,Royal Borough of Windsor and Maidenhead,moving traffic restrictions,RW,PATROL Authority Directory,https://www.patrol-uk.info/authority-directory,https://www.catoappeals.com/bus-lane-pcn/royal-borough-of-windsor-and-maidenhead
salford-city-council,Salford City Council,bus lanes and moving traffic restrictions,SL,PATROL Authority Directory,https://www.patrol-uk.info/authority-directory,https://www.catoappeals.com/bus-lane-pcn/salford-city-council
sandwell-metropolitan-borough-council,Sandwell Metropolitan Borough Council,bus lanes,SD,PATROL Authority Directory,https://www.patrol-uk.info/authority-directory,https://www.catoappeals.com/bus-lane-pcn/sandwell-metropolitan-borough-council
sheffield-city-council,Sheffield City Council,bus lanes and moving traffic restrictions,FD,PATROL Authority Directory,https://www.patrol-uk.info/authority-directory,https://www.catoappeals.com/bus-lane-pcn/sheffield-city-council
shropshire-council,Shropshire Council,moving traffic restrictions,ZX,PATROL Authority Directory,https://www.patrol-uk.info/authority-directory,https://www.catoappeals.com/bus-lane-pcn/shropshire-council
slough-borough-council,Slough Borough Council,bus lanes and moving traffic restrictions,SB,PATROL Authority Directory,https://www.patrol-uk.info/authority-directory,https://www.catoappeals.com/bus-lane-pcn/slough-borough-council
solihull-metropolitan-borough-council,Solihull Metropolitan Borough Council,bus lanes and moving traffic restrictions,OH,PATROL Authority Directory,https://www.patrol-uk.info/authority-directory,https://www.catoappeals.com/bus-lane-pcn/solihull-metropolitan-borough-council
somerset-council,Somerset Council,bus lanes,US; UQ,PATROL Authority Directory,https://www.patrol-uk.info/authority-directory,https://www.catoappeals.com/bus-lane-pcn/somerset-council
south-gloucestershire-council,South Gloucestershire Council,bus lanes and moving traffic restrictions,GS; QP,PATROL Authority Directory,https://www.patrol-uk.info/authority-directory,https://www.catoappeals.com/bus-lane-pcn/south-gloucestershire-council
south-tyneside-council,South Tyneside Council,bus lanes,TY,PATROL Authority Directory,https://www.patrol-uk.info/authority-directory,https://www.catoappeals.com/bus-lane-pcn/south-tyneside-council
southampton-city-council,Southampton City Council,bus lanes and moving traffic restrictions,SN,PATROL Authority Directory,https://www.patrol-uk.info/authority-directory,https://www.catoappeals.com/bus-lane-pcn/southampton-city-council
southend-on-sea-city-council,Southend-on-Sea City Council,moving traffic restrictions,OS,PATROL Authority Directory,https://www.patrol-uk.info/authority-directory,https://www.catoappeals.com/bus-lane-pcn/southend-on-sea-city-council
southwark,Southwark,bus lanes and moving traffic restrictions,JK,PATROL Authority Directory,https://www.patrol-uk.info/authority-directory,https://www.catoappeals.com/bus-lane-pcn/southwark
staffordshire-county-council,Staffordshire County Council,bus lanes,GE,PATROL Authority Directory,https://www.patrol-uk.info/authority-directory,https://www.catoappeals.com/bus-lane-pcn/staffordshire-county-council
stockport-metropolitan-borough-council,Stockport Metropolitan Borough Council,bus lanes,SM,PATROL Authority Directory,https://www.patrol-uk.info/authority-directory,https://www.catoappeals.com/bus-lane-pcn/stockport-metropolitan-borough-council
stockton-on-tees-borough-council,Stockton-On-Tees Borough Council,bus lanes,SQ,PATROL Authority Directory,https://www.patrol-uk.info/authority-directory,https://www.catoappeals.com/bus-lane-pcn/stockton-on-tees-borough-council
stoke-on-trent-city-council,Stoke-on-Trent City Council,bus lanes and moving traffic restrictions,SK,PATROL Authority Directory,https://www.patrol-uk.info/authority-directory,https://www.catoappeals.com/bus-lane-pcn/stoke-on-trent-city-council
sunderland-city-council,Sunderland City Council,bus lanes,SX,PATROL Authority Directory,https://www.patrol-uk.info/authority-directory,https://www.catoappeals.com/bus-lane-pcn/sunderland-city-council
surrey-county-council,Surrey County Council,bus lanes and moving traffic restrictions,RR,PATROL Authority Directory,https://www.patrol-uk.info/authority-directory,https://www.catoappeals.com/bus-lane-pcn/surrey-county-council
surrey-county-council-with-woking-borough-council,Surrey County Council (Woking),bus lanes,YK,PATROL Authority Directory,https://www.patrol-uk.info/authority-directory,https://www.catoappeals.com/bus-lane-pcn/surrey-county-council-with-woking-borough-council
sutton,Sutton,bus lanes and moving traffic restrictions,,PATROL Authority Directory,https://www.patrol-uk.info/authority-directory,https://www.catoappeals.com/bus-lane-pcn/sutton
swindon-borough-council,Swindon Borough Council,bus lanes,SI,PATROL Authority Directory,https://www.patrol-uk.info/authority-directory,https://www.catoappeals.com/bus-lane-pcn/swindon-borough-council
tameside-metropolitan-borough-council,Tameside Metropolitan Borough Council,bus lanes,TM,PATROL Authority Directory,https://www.patrol-uk.info/authority-directory,https://www.catoappeals.com/bus-lane-pcn/tameside-metropolitan-borough-council
thurrock-council,Thurrock Council,moving traffic restrictions,TK,PATROL Authority Directory,https://www.patrol-uk.info/authority-directory,https://www.catoappeals.com/bus-lane-pcn/thurrock-council
tower-hamlets,Tower Hamlets,bus lanes and moving traffic restrictions,,PATROL Authority Directory,https://www.patrol-uk.info/authority-directory,https://www.catoappeals.com/bus-lane-pcn/tower-hamlets
trafford-metropolitan-borough-council,Trafford Metropolitan Borough Council,moving traffic restrictions,TR,PATROL Authority Directory,https://www.patrol-uk.info/authority-directory,https://www.catoappeals.com/bus-lane-pcn/trafford-metropolitan-borough-council
transport-for-london,Transport for London,bus lanes and moving traffic restrictions,,PATROL Authority Directory,https://www.patrol-uk.info/authority-directory,https://www.catoappeals.com/bus-lane-pcn/transport-for-london
tunbridge-wells-borough-council,Tunbridge Wells Borough Council,bus lanes,TW,PATROL Authority Directory,https://www.patrol-uk.info/authority-directory,https://www.catoappeals.com/bus-lane-pcn/tunbridge-wells-borough-council
walsall-metropolitan-borough-council,Walsall Metropolitan Borough Council,bus lanes and moving traffic restrictions,XD; WK,PATROL Authority Directory,https://www.patrol-uk.info/authority-directory,https://www.catoappeals.com/bus-lane-pcn/walsall-metropolitan-borough-council
waltham-forest,Waltham Forest,bus lanes and moving traffic restrictions,,PATROL Authority Directory,https://www.patrol-uk.info/authority-directory,https://www.catoappeals.com/bus-lane-pcn/waltham-forest
wandsworth,Wandsworth,bus lanes and moving traffic restrictions,WA,PATROL Authority Directory,https://www.patrol-uk.info/authority-directory,https://www.catoappeals.com/bus-lane-pcn/wandsworth
warrington-borough-council,Warrington Borough Council,bus lanes,WI,PATROL Authority Directory,https://www.patrol-uk.info/authority-directory,https://www.catoappeals.com/bus-lane-pcn/warrington-borough-council
watford-borough-council,Watford Borough Council,bus lanes,WT,PATROL Authority Directory,https://www.patrol-uk.info/authority-directory,https://www.catoappeals.com/bus-lane-pcn/watford-borough-council
west-berkshire-district-council,West Berkshire District Council,bus lanes and moving traffic restrictions,KK,PATROL Authority Directory,https://www.patrol-uk.info/authority-directory,https://www.catoappeals.com/bus-lane-pcn/west-berkshire-district-council
west-northamptonshire-council,West Northamptonshire Council,bus lanes and moving traffic restrictions,NP,PATROL Authority Directory,https://www.patrol-uk.info/authority-directory,https://www.catoappeals.com/bus-lane-pcn/west-northamptonshire-council
westminster,Westminster,moving traffic restrictions,WE; WM; WS,PATROL Authority Directory,https://www.patrol-uk.info/authority-directory,https://www.catoappeals.com/bus-lane-pcn/westminster
wigan-metropolitan-borough-council,Wigan Metropolitan Borough Council,moving traffic restrictions,OE; WG,PATROL Authority Directory,https://www.patrol-uk.info/authority-directory,https://www.catoappeals.com/bus-lane-pcn/wigan-metropolitan-borough-council
wiltshire-council,Wiltshire Council,bus lanes,WN,PATROL Authority Directory,https://www.patrol-uk.info/authority-directory,https://www.catoappeals.com/bus-lane-pcn/wiltshire-council
woking-borough-council,Woking Borough Council,bus lanes,WO,PATROL Authority Directory,https://www.patrol-uk.info/authority-directory,https://www.catoappeals.com/bus-lane-pcn/woking-borough-council
wokingham-borough-council,Wokingham Borough Council,moving traffic restrictions,CW,PATROL Authority Directory,https://www.patrol-uk.info/authority-directory,https://www.catoappeals.com/bus-lane-pcn/wokingham-borough-council
wolverhampton-city-council,Wolverhampton City Council,bus lanes,WV,PATROL Authority Directory,https://www.patrol-uk.info/authority-directory,https://www.catoappeals.com/bus-lane-pcn/wolverhampton-city-council
worcestershire-county-council,Worcestershire County Council,bus lanes,PY,PATROL Authority Directory,https://www.patrol-uk.info/authority-directory,https://www.catoappeals.com/bus-lane-pcn/worcestershire-county-council
worthing-borough-council,Worthing Borough Council,bus lanes,UW; WU,PATROL Authority Directory,https://www.patrol-uk.info/authority-directory,https://www.catoappeals.com/bus-lane-pcn/worthing-borough-council
