prefix,authority,authority_slug,shared_prefix,source,source_url,source_as_at,page
AA,Buckinghamshire Council,buckinghamshire-council,no,PATROL Authority Directory,https://www.patrol-uk.info/authority-directory,2026-08-10,https://www.catoappeals.com/pcn-prefix/aa
AB,St Albans City and District Council,st-albans-city-and-district-council,no,PATROL Authority Directory,https://www.patrol-uk.info/authority-directory,2026-08-10,https://www.catoappeals.com/pcn-prefix/ab
AD,Adur District Council,adur-district-council,yes,PATROL Authority Directory,https://www.patrol-uk.info/authority-directory,2026-08-10,https://www.catoappeals.com/pcn-prefix/ad
AD,West Sussex County Council (with Adur District Council),west-sussex-county-council-with-adur-district-council,yes,PATROL Authority Directory,https://www.patrol-uk.info/authority-directory,2026-08-10,https://www.catoappeals.com/pcn-prefix/ad
AE,Torfaen County Borough Council,torfaen-county-borough-council,no,PATROL Authority Directory,https://www.patrol-uk.info/authority-directory,2026-08-10,https://www.catoappeals.com/pcn-prefix/ae
AI,Three Rivers District Council,three-rivers-district-council,no,PATROL Authority Directory,https://www.patrol-uk.info/authority-directory,2026-08-10,https://www.catoappeals.com/pcn-prefix/ai
AJ,Bromsgrove District Council,bromsgrove-district-council,no,PATROL Authority Directory,https://www.patrol-uk.info/authority-directory,2026-08-10,https://www.catoappeals.com/pcn-prefix/aj
AK,Bromsgrove District Council,bromsgrove-district-council,no,PATROL Authority Directory,https://www.patrol-uk.info/authority-directory,2026-08-10,https://www.catoappeals.com/pcn-prefix/ak
AO,Ealing,ealing,no,PATROL Authority Directory,https://www.patrol-uk.info/authority-directory,2026-08-10,https://www.catoappeals.com/pcn-prefix/ao
AQ,Ashfield District Council,ashfield-district-council,no,PATROL Authority Directory,https://www.patrol-uk.info/authority-directory,2026-08-10,https://www.catoappeals.com/pcn-prefix/aq
AR,Arun District Council,arun-district-council,no,PATROL Authority Directory,https://www.patrol-uk.info/authority-directory,2026-08-10,https://www.catoappeals.com/pcn-prefix/ar
AS,Ashford Borough Council,ashford-borough-council,no,PATROL Authority Directory,https://www.patrol-uk.info/authority-directory,2026-08-10,https://www.catoappeals.com/pcn-prefix/as
AU,East Suffolk Council,east-suffolk-council,no,PATROL Authority Directory,https://www.patrol-uk.info/authority-directory,2026-08-10,https://www.catoappeals.com/pcn-prefix/au
AV,Amber Valley Borough Council,amber-valley-borough-council,no,PATROL Authority Directory,https://www.patrol-uk.info/authority-directory,2026-08-10,https://www.catoappeals.com/pcn-prefix/av
AW,Cheshire West and Chester Council,cheshire-west-and-chester-council,no,PATROL Authority Directory,https://www.patrol-uk.info/authority-directory,2026-08-10,https://www.catoappeals.com/pcn-prefix/aw
AX,Adur District Council,adur-district-council,no,PATROL Authority Directory,https://www.patrol-uk.info/authority-directory,2026-08-10,https://www.catoappeals.com/pcn-prefix/ax
AZ,Arun District Council,arun-district-council,no,PATROL Authority Directory,https://www.patrol-uk.info/authority-directory,2026-08-10,https://www.catoappeals.com/pcn-prefix/az
BC,Bury Metropolitan Borough Council,bury-metropolitan-borough-council,no,PATROL Authority Directory,https://www.patrol-uk.info/authority-directory,2026-08-10,https://www.catoappeals.com/pcn-prefix/bc
BE,Burnley Borough Council,burnley-borough-council,no,PATROL Authority Directory,https://www.patrol-uk.info/authority-directory,2026-08-10,https://www.catoappeals.com/pcn-prefix/be
BF,Bedford Borough Council,bedford-borough-council,no,PATROL Authority Directory,https://www.patrol-uk.info/authority-directory,2026-08-10,https://www.catoappeals.com/pcn-prefix/bf
BG,Basingstoke and Deane Borough Council,basingstoke-and-deane-borough-council,no,PATROL Authority Directory,https://www.patrol-uk.info/authority-directory,2026-08-10,https://www.catoappeals.com/pcn-prefix/bg
BH,Brighton and Hove City Council,brighton-and-hove-city-council,no,PATROL Authority Directory,https://www.patrol-uk.info/authority-directory,2026-08-10,https://www.catoappeals.com/pcn-prefix/bh
BI,Basildon Borough Council,basildon-borough-council,no,PATROL Authority Directory,https://www.patrol-uk.info/authority-directory,2026-08-10,https://www.catoappeals.com/pcn-prefix/bi
BJ,Barnsley Metropolitan Borough Council,barnsley-metropolitan-borough-council,no,PATROL Authority Directory,https://www.patrol-uk.info/authority-directory,2026-08-10,https://www.catoappeals.com/pcn-prefix/bj
BK,Broxbourne Borough Council,broxbourne-borough-council,no,PATROL Authority Directory,https://www.patrol-uk.info/authority-directory,2026-08-10,https://www.catoappeals.com/pcn-prefix/bk
BM,Birmingham City Council,birmingham-city-council,no,PATROL Authority Directory,https://www.patrol-uk.info/authority-directory,2026-08-10,https://www.catoappeals.com/pcn-prefix/bm
BN,Bath and North East Somerset Council,bath-and-north-east-somerset-council,no,PATROL Authority Directory,https://www.patrol-uk.info/authority-directory,2026-08-10,https://www.catoappeals.com/pcn-prefix/bn
BO,Bolton Council,bolton-council,no,PATROL Authority Directory,https://www.patrol-uk.info/authority-directory,2026-08-10,https://www.catoappeals.com/pcn-prefix/bo
BP,Blackpool Council,blackpool-council,no,PATROL Authority Directory,https://www.patrol-uk.info/authority-directory,2026-08-10,https://www.catoappeals.com/pcn-prefix/bp
BQ,City of Bradford Metropolitan District Council,city-of-bradford-metropolitan-district-council,no,PATROL Authority Directory,https://www.patrol-uk.info/authority-directory,2026-08-10,https://www.catoappeals.com/pcn-prefix/bq
BS,Bristol City Council,bristol-city-council,no,PATROL Authority Directory,https://www.patrol-uk.info/authority-directory,2026-08-10,https://www.catoappeals.com/pcn-prefix/bs
BV,Bracknell Forest Borough Council,bracknell-forest-borough-council,no,PATROL Authority Directory,https://www.patrol-uk.info/authority-directory,2026-08-10,https://www.catoappeals.com/pcn-prefix/bv
BW,Brentwood Borough Council,brentwood-borough-council,no,PATROL Authority Directory,https://www.patrol-uk.info/authority-directory,2026-08-10,https://www.catoappeals.com/pcn-prefix/bw
BX,Braintree District Council,braintree-district-council,no,PATROL Authority Directory,https://www.patrol-uk.info/authority-directory,2026-08-10,https://www.catoappeals.com/pcn-prefix/bx
BY,Bromley,bromley,no,PATROL Authority Directory,https://www.patrol-uk.info/authority-directory,2026-08-10,https://www.catoappeals.com/pcn-prefix/by
CF,Chelmsford City Council,chelmsford-city-council,no,PATROL Authority Directory,https://www.patrol-uk.info/authority-directory,2026-08-10,https://www.catoappeals.com/pcn-prefix/cf
CG,Chesterfield Borough Council,chesterfield-borough-council,no,PATROL Authority Directory,https://www.patrol-uk.info/authority-directory,2026-08-10,https://www.catoappeals.com/pcn-prefix/cg
CH,Colchester City Council,colchester-city-council,no,PATROL Authority Directory,https://www.patrol-uk.info/authority-directory,2026-08-10,https://www.catoappeals.com/pcn-prefix/ch
CL,City of London,city-of-london,no,PATROL Authority Directory,https://www.patrol-uk.info/authority-directory,2026-08-10,https://www.catoappeals.com/pcn-prefix/cl
CM,Carmarthenshire County Council,carmarthenshire-county-council,no,PATROL Authority Directory,https://www.patrol-uk.info/authority-directory,2026-08-10,https://www.catoappeals.com/pcn-prefix/cm
CP,Castle Point Borough Council,castle-point-borough-council,no,PATROL Authority Directory,https://www.patrol-uk.info/authority-directory,2026-08-10,https://www.catoappeals.com/pcn-prefix/cp
CQ,Conwy County Borough Council,conwy-county-borough-council,no,PATROL Authority Directory,https://www.patrol-uk.info/authority-directory,2026-08-10,https://www.catoappeals.com/pcn-prefix/cq
CR,Croydon,croydon,no,PATROL Authority Directory,https://www.patrol-uk.info/authority-directory,2026-08-10,https://www.catoappeals.com/pcn-prefix/cr
CS,Oxfordshire County Council (with Cherwell District Council),oxfordshire-county-council-with-cherwell-district-council,no,PATROL Authority Directory,https://www.patrol-uk.info/authority-directory,2026-08-10,https://www.catoappeals.com/pcn-prefix/cs
CT,Canterbury City Council,canterbury-city-council,no,PATROL Authority Directory,https://www.patrol-uk.info/authority-directory,2026-08-10,https://www.catoappeals.com/pcn-prefix/ct
CU,Camden,camden,no,PATROL Authority Directory,https://www.patrol-uk.info/authority-directory,2026-08-10,https://www.catoappeals.com/pcn-prefix/cu
CV,Coventry City Council,coventry-city-council,no,PATROL Authority Directory,https://www.patrol-uk.info/authority-directory,2026-08-10,https://www.catoappeals.com/pcn-prefix/cv
CW,Wokingham Borough Council,wokingham-borough-council,no,PATROL Authority Directory,https://www.patrol-uk.info/authority-directory,2026-08-10,https://www.catoappeals.com/pcn-prefix/cw
CX,Calderdale Borough Council,calderdale-borough-council,no,PATROL Authority Directory,https://www.patrol-uk.info/authority-directory,2026-08-10,https://www.catoappeals.com/pcn-prefix/cx
CY,Chorley Borough Council,chorley-borough-council,no,PATROL Authority Directory,https://www.patrol-uk.info/authority-directory,2026-08-10,https://www.catoappeals.com/pcn-prefix/cy
DB,Blackburn with Darwen Borough Council,blackburn-with-darwen-borough-council,no,PATROL Authority Directory,https://www.patrol-uk.info/authority-directory,2026-08-10,https://www.catoappeals.com/pcn-prefix/db
DC,Dacorum Borough Council,dacorum-borough-council,no,PATROL Authority Directory,https://www.patrol-uk.info/authority-directory,2026-08-10,https://www.catoappeals.com/pcn-prefix/dc
DD,Dover District Council,dover-district-council,no,PATROL Authority Directory,https://www.patrol-uk.info/authority-directory,2026-08-10,https://www.catoappeals.com/pcn-prefix/dd
DE,Denbighshire County Council,denbighshire-county-council,no,PATROL Authority Directory,https://www.patrol-uk.info/authority-directory,2026-08-10,https://www.catoappeals.com/pcn-prefix/de
DH,Derbyshire Dales District Council,derbyshire-dales-district-council,no,PATROL Authority Directory,https://www.patrol-uk.info/authority-directory,2026-08-10,https://www.catoappeals.com/pcn-prefix/dh
DI,South Derbyshire District Council,south-derbyshire-district-council,no,PATROL Authority Directory,https://www.patrol-uk.info/authority-directory,2026-08-10,https://www.catoappeals.com/pcn-prefix/di
DJ,Derbyshire County Council,derbyshire-county-council,no,PATROL Authority Directory,https://www.patrol-uk.info/authority-directory,2026-08-10,https://www.catoappeals.com/pcn-prefix/dj
DK,Darlington Borough Council,darlington-borough-council,no,PATROL Authority Directory,https://www.patrol-uk.info/authority-directory,2026-08-10,https://www.catoappeals.com/pcn-prefix/dk
DM,Dudley Metropolitan Borough Council,dudley-metropolitan-borough-council,no,PATROL Authority Directory,https://www.patrol-uk.info/authority-directory,2026-08-10,https://www.catoappeals.com/pcn-prefix/dm
DN,City of Doncaster Council,city-of-doncaster-council,no,PATROL Authority Directory,https://www.patrol-uk.info/authority-directory,2026-08-10,https://www.catoappeals.com/pcn-prefix/dn
DR,Derby City Council,derby-city-council,no,PATROL Authority Directory,https://www.patrol-uk.info/authority-directory,2026-08-10,https://www.catoappeals.com/pcn-prefix/dr
DT,Dartford Borough Council,dartford-borough-council,no,PATROL Authority Directory,https://www.patrol-uk.info/authority-directory,2026-08-10,https://www.catoappeals.com/pcn-prefix/dt
DU,Durham County Council,durham-county-council,no,PATROL Authority Directory,https://www.patrol-uk.info/authority-directory,2026-08-10,https://www.catoappeals.com/pcn-prefix/du
DV,Dorset Council,dorset-council,no,PATROL Authority Directory,https://www.patrol-uk.info/authority-directory,2026-08-10,https://www.catoappeals.com/pcn-prefix/dv
DW,West Devon Borough Council,west-devon-borough-council,no,PATROL Authority Directory,https://www.patrol-uk.info/authority-directory,2026-08-10,https://www.catoappeals.com/pcn-prefix/dw
DX,North Devon District Council,north-devon-district-council,no,PATROL Authority Directory,https://www.patrol-uk.info/authority-directory,2026-08-10,https://www.catoappeals.com/pcn-prefix/dx
DY,City of Bradford Metropolitan District Council,city-of-bradford-metropolitan-district-council,no,PATROL Authority Directory,https://www.patrol-uk.info/authority-directory,2026-08-10,https://www.catoappeals.com/pcn-prefix/dy
EA,Ealing,ealing,no,PATROL Authority Directory,https://www.patrol-uk.info/authority-directory,2026-08-10,https://www.catoappeals.com/pcn-prefix/ea
EE,Epsom and Ewell Borough Council,epsom-and-ewell-borough-council,no,PATROL Authority Directory,https://www.patrol-uk.info/authority-directory,2026-08-10,https://www.catoappeals.com/pcn-prefix/ee
EH,Eastleigh Borough Council,eastleigh-borough-council,no,PATROL Authority Directory,https://www.patrol-uk.info/authority-directory,2026-08-10,https://www.catoappeals.com/pcn-prefix/eh
EL,Elmbridge Borough Council,elmbridge-borough-council,no,PATROL Authority Directory,https://www.patrol-uk.info/authority-directory,2026-08-10,https://www.catoappeals.com/pcn-prefix/el
EP,Epping Forest District Council,epping-forest-district-council,no,PATROL Authority Directory,https://www.patrol-uk.info/authority-directory,2026-08-10,https://www.catoappeals.com/pcn-prefix/ep
ES,Essex County Council,essex-county-council,no,PATROL Authority Directory,https://www.patrol-uk.info/authority-directory,2026-08-10,https://www.catoappeals.com/pcn-prefix/es
ET,East Hertfordshire District Council,east-hertfordshire-district-council,no,PATROL Authority Directory,https://www.patrol-uk.info/authority-directory,2026-08-10,https://www.catoappeals.com/pcn-prefix/et
EU,East Sussex County Council (Eastbourne),east-sussex-county-council-eastbourne,no,PATROL Authority Directory,https://www.patrol-uk.info/authority-directory,2026-08-10,https://www.catoappeals.com/pcn-prefix/eu
EW,Erewash Borough Council,erewash-borough-council,no,PATROL Authority Directory,https://www.patrol-uk.info/authority-directory,2026-08-10,https://www.catoappeals.com/pcn-prefix/ew
FA,Cornwall Council,cornwall-council,no,PATROL Authority Directory,https://www.patrol-uk.info/authority-directory,2026-08-10,https://www.catoappeals.com/pcn-prefix/fa
FC,Cambridgeshire County Council,cambridgeshire-county-council,no,PATROL Authority Directory,https://www.patrol-uk.info/authority-directory,2026-08-10,https://www.catoappeals.com/pcn-prefix/fc
FD,Sheffield City Council,sheffield-city-council,no,PATROL Authority Directory,https://www.patrol-uk.info/authority-directory,2026-08-10,https://www.catoappeals.com/pcn-prefix/fd
FE,Forest of Dean District Council,forest-of-dean-district-council,no,PATROL Authority Directory,https://www.patrol-uk.info/authority-directory,2026-08-10,https://www.catoappeals.com/pcn-prefix/fe
FH,Fareham Borough Council,fareham-borough-council,no,PATROL Authority Directory,https://www.patrol-uk.info/authority-directory,2026-08-10,https://www.catoappeals.com/pcn-prefix/fh
FL,Flintshire County Council,flintshire-county-council,no,PATROL Authority Directory,https://www.patrol-uk.info/authority-directory,2026-08-10,https://www.catoappeals.com/pcn-prefix/fl
FM,Surrey County Council (with Guildford Borough Council),surrey-county-council-with-guildford-borough-council,no,PATROL Authority Directory,https://www.patrol-uk.info/authority-directory,2026-08-10,https://www.catoappeals.com/pcn-prefix/fm
FS,Suffolk County Council (with West Suffolk Council),suffolk-county-council-with-west-suffolk-council,no,PATROL Authority Directory,https://www.patrol-uk.info/authority-directory,2026-08-10,https://www.catoappeals.com/pcn-prefix/fs
FT,Epping Forest District Council,epping-forest-district-council,no,PATROL Authority Directory,https://www.patrol-uk.info/authority-directory,2026-08-10,https://www.catoappeals.com/pcn-prefix/ft
FW,Wyre Forest District Council,wyre-forest-district-council,no,PATROL Authority Directory,https://www.patrol-uk.info/authority-directory,2026-08-10,https://www.catoappeals.com/pcn-prefix/fw
FY,Fylde Borough Council,fylde-borough-council,no,PATROL Authority Directory,https://www.patrol-uk.info/authority-directory,2026-08-10,https://www.catoappeals.com/pcn-prefix/fy
GA,Cheshire East Council,cheshire-east-council,no,PATROL Authority Directory,https://www.patrol-uk.info/authority-directory,2026-08-10,https://www.catoappeals.com/pcn-prefix/ga
GB,Babergh District Council (with Ipswich Borough Council),babergh-district-council-with-ipswich-borough-council,no,PATROL Authority Directory,https://www.patrol-uk.info/authority-directory,2026-08-10,https://www.catoappeals.com/pcn-prefix/gb
GD,Cheltenham Borough Council (On Street),cheltenham-borough-council-on-street,yes,PATROL Authority Directory,https://www.patrol-uk.info/authority-directory,2026-08-10,https://www.catoappeals.com/pcn-prefix/gd
GD,Cotswold District Council,cotswold-district-council,yes,PATROL Authority Directory,https://www.patrol-uk.info/authority-directory,2026-08-10,https://www.catoappeals.com/pcn-prefix/gd
GD,Gloucestershire County Council,gloucestershire-county-council,yes,PATROL Authority Directory,https://www.patrol-uk.info/authority-directory,2026-08-10,https://www.catoappeals.com/pcn-prefix/gd
GE,Staffordshire County Council,staffordshire-county-council,no,PATROL Authority Directory,https://www.patrol-uk.info/authority-directory,2026-08-10,https://www.catoappeals.com/pcn-prefix/ge
GG,Gravesham Borough Council,gravesham-borough-council,no,PATROL Authority Directory,https://www.patrol-uk.info/authority-directory,2026-08-10,https://www.catoappeals.com/pcn-prefix/gg
GH,Gateshead Council,gateshead-council,no,PATROL Authority Directory,https://www.patrol-uk.info/authority-directory,2026-08-10,https://www.catoappeals.com/pcn-prefix/gh
GI,Ceredigion County Council,ceredigion-county-council,no,PATROL Authority Directory,https://www.patrol-uk.info/authority-directory,2026-08-10,https://www.catoappeals.com/pcn-prefix/gi
GO,Gloucester City Council,gloucester-city-council,no,PATROL Authority Directory,https://www.patrol-uk.info/authority-directory,2026-08-10,https://www.catoappeals.com/pcn-prefix/go
GQ,Gedling Borough Council,gedling-borough-council,no,PATROL Authority Directory,https://www.patrol-uk.info/authority-directory,2026-08-10,https://www.catoappeals.com/pcn-prefix/gq
GR,Greenwich,greenwich,no,PATROL Authority Directory,https://www.patrol-uk.info/authority-directory,2026-08-10,https://www.catoappeals.com/pcn-prefix/gr
GS,South Gloucestershire Council,south-gloucestershire-council,no,PATROL Authority Directory,https://www.patrol-uk.info/authority-directory,2026-08-10,https://www.catoappeals.com/pcn-prefix/gs
GU,Guildford Borough Council,guildford-borough-council,no,PATROL Authority Directory,https://www.patrol-uk.info/authority-directory,2026-08-10,https://www.catoappeals.com/pcn-prefix/gu
GW,Gwynedd Council,gwynedd-council,no,PATROL Authority Directory,https://www.patrol-uk.info/authority-directory,2026-08-10,https://www.catoappeals.com/pcn-prefix/gw
HA,North Yorkshire Council,north-yorkshire-council,no,PATROL Authority Directory,https://www.patrol-uk.info/authority-directory,2026-08-10,https://www.catoappeals.com/pcn-prefix/ha
HC,North Hertfordshire District Council,north-hertfordshire-district-council,no,PATROL Authority Directory,https://www.patrol-uk.info/authority-directory,2026-08-10,https://www.catoappeals.com/pcn-prefix/hc
HD,Hyndburn Borough Council,hyndburn-borough-council,no,PATROL Authority Directory,https://www.patrol-uk.info/authority-directory,2026-08-10,https://www.catoappeals.com/pcn-prefix/hd
HE,Herefordshire Council,herefordshire-council,no,PATROL Authority Directory,https://www.patrol-uk.info/authority-directory,2026-08-10,https://www.catoappeals.com/pcn-prefix/he
HG,Havering,havering,no,PATROL Authority Directory,https://www.patrol-uk.info/authority-directory,2026-08-10,https://www.catoappeals.com/pcn-prefix/hg
HH,Surrey Heath Borough Council,surrey-heath-borough-council,no,PATROL Authority Directory,https://www.patrol-uk.info/authority-directory,2026-08-10,https://www.catoappeals.com/pcn-prefix/hh
HJ,High Peak Borough Council,high-peak-borough-council,no,PATROL Authority Directory,https://www.patrol-uk.info/authority-directory,2026-08-10,https://www.catoappeals.com/pcn-prefix/hj
HL,Harlow District Council,harlow-district-council,no,PATROL Authority Directory,https://www.patrol-uk.info/authority-directory,2026-08-10,https://www.catoappeals.com/pcn-prefix/hl
HM,Horsham District Council,horsham-district-council,no,PATROL Authority Directory,https://www.patrol-uk.info/authority-directory,2026-08-10,https://www.catoappeals.com/pcn-prefix/hm
HR,Harrow,harrow,no,PATROL Authority Directory,https://www.patrol-uk.info/authority-directory,2026-08-10,https://www.catoappeals.com/pcn-prefix/hr
HS,Hastings Borough Council,hastings-borough-council,no,PATROL Authority Directory,https://www.patrol-uk.info/authority-directory,2026-08-10,https://www.catoappeals.com/pcn-prefix/hs
HT,Hart District Council,hart-district-council,no,PATROL Authority Directory,https://www.patrol-uk.info/authority-directory,2026-08-10,https://www.catoappeals.com/pcn-prefix/ht
HV,Havant Borough Council,havant-borough-council,no,PATROL Authority Directory,https://www.patrol-uk.info/authority-directory,2026-08-10,https://www.catoappeals.com/pcn-prefix/hv
HX,Hartlepool Borough Council,hartlepool-borough-council,no,PATROL Authority Directory,https://www.patrol-uk.info/authority-directory,2026-08-10,https://www.catoappeals.com/pcn-prefix/hx
HZ,Hammersmith and Fulham,hammersmith-and-fulham,no,PATROL Authority Directory,https://www.patrol-uk.info/authority-directory,2026-08-10,https://www.catoappeals.com/pcn-prefix/hz
IC,Cheltenham Borough Council (Off Street),cheltenham-borough-council-off-street,no,PATROL Authority Directory,https://www.patrol-uk.info/authority-directory,2026-08-10,https://www.catoappeals.com/pcn-prefix/ic
ID,Colchester City Council,colchester-city-council,yes,PATROL Authority Directory,https://www.patrol-uk.info/authority-directory,2026-08-10,https://www.catoappeals.com/pcn-prefix/id
ID,North Essex Parking Partnership,north-essex-parking-partnership,yes,PATROL Authority Directory,https://www.patrol-uk.info/authority-directory,2026-08-10,https://www.catoappeals.com/pcn-prefix/id
IE,North Essex Parking Partnership,north-essex-parking-partnership,no,PATROL Authority Directory,https://www.patrol-uk.info/authority-directory,2026-08-10,https://www.catoappeals.com/pcn-prefix/ie
IF,North Essex Parking Partnership,north-essex-parking-partnership,no,PATROL Authority Directory,https://www.patrol-uk.info/authority-directory,2026-08-10,https://www.catoappeals.com/pcn-prefix/if
IG,North Essex Parking Partnership,north-essex-parking-partnership,no,PATROL Authority Directory,https://www.patrol-uk.info/authority-directory,2026-08-10,https://www.catoappeals.com/pcn-prefix/ig
IH,North Essex Parking Partnership,north-essex-parking-partnership,no,PATROL Authority Directory,https://www.patrol-uk.info/authority-directory,2026-08-10,https://www.catoappeals.com/pcn-prefix/ih
II,Epping Forest District Council,epping-forest-district-council,yes,PATROL Authority Directory,https://www.patrol-uk.info/authority-directory,2026-08-10,https://www.catoappeals.com/pcn-prefix/ii
II,North Essex Parking Partnership,north-essex-parking-partnership,yes,PATROL Authority Directory,https://www.patrol-uk.info/authority-directory,2026-08-10,https://www.catoappeals.com/pcn-prefix/ii
IP,Ipswich Borough Council,ipswich-borough-council,no,PATROL Authority Directory,https://www.patrol-uk.info/authority-directory,2026-08-10,https://www.catoappeals.com/pcn-prefix/ip
IW,Isle of Wight Council,isle-of-wight-council,no,PATROL Authority Directory,https://www.patrol-uk.info/authority-directory,2026-08-10,https://www.catoappeals.com/pcn-prefix/iw
IX,Suffolk County Council (with Ipswich Borough Council),suffolk-county-council-with-ipswich-borough-council,no,PATROL Authority Directory,https://www.patrol-uk.info/authority-directory,2026-08-10,https://www.catoappeals.com/pcn-prefix/ix
JC,The Borough Council of Kings Lynn and West Norfolk working under the authority delegated by Norfolk County Council,the-borough-council-of-kings-lynn-and-west-norfolk-working-under-the-authority-delegated-by-norfolk-county-council,no,PATROL Authority Directory,https://www.patrol-uk.info/authority-directory,2026-08-10,https://www.catoappeals.com/pcn-prefix/jc
JD,Derbyshire County Council,derbyshire-county-council,no,PATROL Authority Directory,https://www.patrol-uk.info/authority-directory,2026-08-10,https://www.catoappeals.com/pcn-prefix/jd
JE,The Borough Council of Kings Lynn and West Norfolk working under the authority delegated by Norfolk County Council,the-borough-council-of-kings-lynn-and-west-norfolk-working-under-the-authority-delegated-by-norfolk-county-council,no,PATROL Authority Directory,https://www.patrol-uk.info/authority-directory,2026-08-10,https://www.catoappeals.com/pcn-prefix/je
JF,North Norfolk District Council,north-norfolk-district-council,no,PATROL Authority Directory,https://www.patrol-uk.info/authority-directory,2026-08-10,https://www.catoappeals.com/pcn-prefix/jf
JG,Breckland Council,breckland-council,yes,PATROL Authority Directory,https://www.patrol-uk.info/authority-directory,2026-08-10,https://www.catoappeals.com/pcn-prefix/jg
JG,The Borough Council of Kings Lynn and West Norfolk working under the authority delegated by Norfolk County Council,the-borough-council-of-kings-lynn-and-west-norfolk-working-under-the-authority-delegated-by-norfolk-county-council,yes,PATROL Authority Directory,https://www.patrol-uk.info/authority-directory,2026-08-10,https://www.catoappeals.com/pcn-prefix/jg
JH,The Borough Council of Kings Lynn and West Norfolk working under the authority delegated by Norfolk County Council,the-borough-council-of-kings-lynn-and-west-norfolk-working-under-the-authority-delegated-by-norfolk-county-council,no,PATROL Authority Directory,https://www.patrol-uk.info/authority-directory,2026-08-10,https://www.catoappeals.com/pcn-prefix/jh
JI,The Borough Council of Kings Lynn and West Norfolk working under the authority delegated by Norfolk County Council,the-borough-council-of-kings-lynn-and-west-norfolk-working-under-the-authority-delegated-by-norfolk-county-council,no,PATROL Authority Directory,https://www.patrol-uk.info/authority-directory,2026-08-10,https://www.catoappeals.com/pcn-prefix/ji
JJ,Birmingham City Council,birmingham-city-council,no,PATROL Authority Directory,https://www.patrol-uk.info/authority-directory,2026-08-10,https://www.catoappeals.com/pcn-prefix/jj
JK,Southwark,southwark,no,PATROL Authority Directory,https://www.patrol-uk.info/authority-directory,2026-08-10,https://www.catoappeals.com/pcn-prefix/jk
JR,West Suffolk Council,west-suffolk-council,no,PATROL Authority Directory,https://www.patrol-uk.info/authority-directory,2026-08-10,https://www.catoappeals.com/pcn-prefix/jr
JS,Suffolk County Council (with East Suffolk Council),suffolk-county-council-with-east-suffolk-council,no,PATROL Authority Directory,https://www.patrol-uk.info/authority-directory,2026-08-10,https://www.catoappeals.com/pcn-prefix/js
JT,The Borough Council of Kings Lynn and West Norfolk working under the authority delegated by Norfolk County Council,the-borough-council-of-kings-lynn-and-west-norfolk-working-under-the-authority-delegated-by-norfolk-county-council,no,PATROL Authority Directory,https://www.patrol-uk.info/authority-directory,2026-08-10,https://www.catoappeals.com/pcn-prefix/jt
JU,The Borough Council of Kings Lynn and West Norfolk working under the authority delegated by Norfolk County Council,the-borough-council-of-kings-lynn-and-west-norfolk-working-under-the-authority-delegated-by-norfolk-county-council,no,PATROL Authority Directory,https://www.patrol-uk.info/authority-directory,2026-08-10,https://www.catoappeals.com/pcn-prefix/ju
JW,Hertsmere Borough Council,hertsmere-borough-council,no,PATROL Authority Directory,https://www.patrol-uk.info/authority-directory,2026-08-10,https://www.catoappeals.com/pcn-prefix/jw
JX,Norfolk County Council,norfolk-county-council,no,PATROL Authority Directory,https://www.patrol-uk.info/authority-directory,2026-08-10,https://www.catoappeals.com/pcn-prefix/jx
JY,Hertfordshire County Council,hertfordshire-county-council,no,PATROL Authority Directory,https://www.patrol-uk.info/authority-directory,2026-08-10,https://www.catoappeals.com/pcn-prefix/jy
KB,Canterbury City Council,canterbury-city-council,no,PATROL Authority Directory,https://www.patrol-uk.info/authority-directory,2026-08-10,https://www.catoappeals.com/pcn-prefix/kb
KD,Dartford Borough Council,dartford-borough-council,yes,PATROL Authority Directory,https://www.patrol-uk.info/authority-directory,2026-08-10,https://www.catoappeals.com/pcn-prefix/kd
KD,Kent County Council (with Dartford Borough Council),kent-county-council-with-dartford-borough-council,yes,PATROL Authority Directory,https://www.patrol-uk.info/authority-directory,2026-08-10,https://www.catoappeals.com/pcn-prefix/kd
KE,Kensington and Chelsea,kensington-and-chelsea,no,PATROL Authority Directory,https://www.patrol-uk.info/authority-directory,2026-08-10,https://www.catoappeals.com/pcn-prefix/ke
KF,Ashford Borough Council,ashford-borough-council,no,PATROL Authority Directory,https://www.patrol-uk.info/authority-directory,2026-08-10,https://www.catoappeals.com/pcn-prefix/kf
KH,Kingston upon Hull City Council,kingston-upon-hull-city-council,no,PATROL Authority Directory,https://www.patrol-uk.info/authority-directory,2026-08-10,https://www.catoappeals.com/pcn-prefix/kh
KI,Knowsley Metropolitan Borough Council,knowsley-metropolitan-borough-council,no,PATROL Authority Directory,https://www.patrol-uk.info/authority-directory,2026-08-10,https://www.catoappeals.com/pcn-prefix/ki
KK,West Berkshire District Council,west-berkshire-district-council,no,PATROL Authority Directory,https://www.patrol-uk.info/authority-directory,2026-08-10,https://www.catoappeals.com/pcn-prefix/kk
KL,Kent County Council (with Swale Borough Council),kent-county-council-with-swale-borough-council,no,PATROL Authority Directory,https://www.patrol-uk.info/authority-directory,2026-08-10,https://www.catoappeals.com/pcn-prefix/kl
KM,Kirklees Metropolitan Council,kirklees-metropolitan-council,no,PATROL Authority Directory,https://www.patrol-uk.info/authority-directory,2026-08-10,https://www.catoappeals.com/pcn-prefix/km
KN,Kent County Council,kent-county-council,no,PATROL Authority Directory,https://www.patrol-uk.info/authority-directory,2026-08-10,https://www.catoappeals.com/pcn-prefix/kn
KO,Kent County Council (with Tonbridge and Malling Borough Council),kent-county-council-with-tonbridge-and-malling-borough-council,no,PATROL Authority Directory,https://www.patrol-uk.info/authority-directory,2026-08-10,https://www.catoappeals.com/pcn-prefix/ko
KP,Folkestone and Hythe District Council,folkestone-and-hythe-district-council,no,PATROL Authority Directory,https://www.patrol-uk.info/authority-directory,2026-08-10,https://www.catoappeals.com/pcn-prefix/kp
KQ,Newark and Sherwood District Council,newark-and-sherwood-district-council,no,PATROL Authority Directory,https://www.patrol-uk.info/authority-directory,2026-08-10,https://www.catoappeals.com/pcn-prefix/kq
KR,The Borough Council of Kings Lynn and West Norfolk working under the authority delegated by Norfolk County Council,the-borough-council-of-kings-lynn-and-west-norfolk-working-under-the-authority-delegated-by-norfolk-county-council,no,PATROL Authority Directory,https://www.patrol-uk.info/authority-directory,2026-08-10,https://www.catoappeals.com/pcn-prefix/kr
KS,Kent County Council (with Sevenoaks District Council),kent-county-council-with-sevenoaks-district-council,no,PATROL Authority Directory,https://www.patrol-uk.info/authority-directory,2026-08-10,https://www.catoappeals.com/pcn-prefix/ks
KU,Kent County Council (with Tunbridge Wells Borough Council),kent-county-council-with-tunbridge-wells-borough-council,no,PATROL Authority Directory,https://www.patrol-uk.info/authority-directory,2026-08-10,https://www.catoappeals.com/pcn-prefix/ku
KV,Dover District Council,dover-district-council,yes,PATROL Authority Directory,https://www.patrol-uk.info/authority-directory,2026-08-10,https://www.catoappeals.com/pcn-prefix/kv
KV,Kent County Council (with Dover District Council),kent-county-council-with-dover-district-council,yes,PATROL Authority Directory,https://www.patrol-uk.info/authority-directory,2026-08-10,https://www.catoappeals.com/pcn-prefix/kv
KW,Birmingham City Council,birmingham-city-council,no,PATROL Authority Directory,https://www.patrol-uk.info/authority-directory,2026-08-10,https://www.catoappeals.com/pcn-prefix/kw
KX,Kent County Council (with Thanet District Council),kent-county-council-with-thanet-district-council,no,PATROL Authority Directory,https://www.patrol-uk.info/authority-directory,2026-08-10,https://www.catoappeals.com/pcn-prefix/kx
KZ,The Borough Council of Kings Lynn and West Norfolk,the-borough-council-of-kings-lynn-and-west-norfolk,no,PATROL Authority Directory,https://www.patrol-uk.info/authority-directory,2026-08-10,https://www.catoappeals.com/pcn-prefix/kz
LA,Lancaster City Council,lancaster-city-council,no,PATROL Authority Directory,https://www.patrol-uk.info/authority-directory,2026-08-10,https://www.catoappeals.com/pcn-prefix/la
LE,Leicester City Council,leicester-city-council,no,PATROL Authority Directory,https://www.patrol-uk.info/authority-directory,2026-08-10,https://www.catoappeals.com/pcn-prefix/le
LF,Lichfield District Council,lichfield-district-council,no,PATROL Authority Directory,https://www.patrol-uk.info/authority-directory,2026-08-10,https://www.catoappeals.com/pcn-prefix/lf
LG,Leicester City Council,leicester-city-council,yes,PATROL Authority Directory,https://www.patrol-uk.info/authority-directory,2026-08-10,https://www.catoappeals.com/pcn-prefix/lg
LG,Leicester City Council (Bus Lanes - LG),leicester-city-council-bus-lanes-lg,yes,PATROL Authority Directory,https://www.patrol-uk.info/authority-directory,2026-08-10,https://www.catoappeals.com/pcn-prefix/lg
LI,North West Leicestershire District Council,north-west-leicestershire-district-council,no,PATROL Authority Directory,https://www.patrol-uk.info/authority-directory,2026-08-10,https://www.catoappeals.com/pcn-prefix/li
LJ,Lambeth,lambeth,no,PATROL Authority Directory,https://www.patrol-uk.info/authority-directory,2026-08-10,https://www.catoappeals.com/pcn-prefix/lj
LK,Newcastle City Council,newcastle-city-council,no,PATROL Authority Directory,https://www.patrol-uk.info/authority-directory,2026-08-10,https://www.catoappeals.com/pcn-prefix/lk
LN,West Lancashire Borough Council,west-lancashire-borough-council,no,PATROL Authority Directory,https://www.patrol-uk.info/authority-directory,2026-08-10,https://www.catoappeals.com/pcn-prefix/ln
LQ,Lancashire County Council,lancashire-county-council,no,PATROL Authority Directory,https://www.patrol-uk.info/authority-directory,2026-08-10,https://www.catoappeals.com/pcn-prefix/lq
LR,Birmingham City Council,birmingham-city-council,no,PATROL Authority Directory,https://www.patrol-uk.info/authority-directory,2026-08-10,https://www.catoappeals.com/pcn-prefix/lr
LS,Leeds City Council,leeds-city-council,no,PATROL Authority Directory,https://www.patrol-uk.info/authority-directory,2026-08-10,https://www.catoappeals.com/pcn-prefix/ls
LU,Luton Borough Council,luton-borough-council,no,PATROL Authority Directory,https://www.patrol-uk.info/authority-directory,2026-08-10,https://www.catoappeals.com/pcn-prefix/lu
LV,Liverpool City Council,liverpool-city-council,no,PATROL Authority Directory,https://www.patrol-uk.info/authority-directory,2026-08-10,https://www.catoappeals.com/pcn-prefix/lv
LW,East Sussex County Council (Lewes),east-sussex-county-council-lewes,no,PATROL Authority Directory,https://www.patrol-uk.info/authority-directory,2026-08-10,https://www.catoappeals.com/pcn-prefix/lw
LX,Lewisham,lewisham,no,PATROL Authority Directory,https://www.patrol-uk.info/authority-directory,2026-08-10,https://www.catoappeals.com/pcn-prefix/lx
LY,Blackburn with Darwen Borough Council,blackburn-with-darwen-borough-council,no,PATROL Authority Directory,https://www.patrol-uk.info/authority-directory,2026-08-10,https://www.catoappeals.com/pcn-prefix/ly
MC,Manchester City Council,manchester-city-council,no,PATROL Authority Directory,https://www.patrol-uk.info/authority-directory,2026-08-10,https://www.catoappeals.com/pcn-prefix/mc
MD,Maidstone Borough Council,maidstone-borough-council,no,PATROL Authority Directory,https://www.patrol-uk.info/authority-directory,2026-08-10,https://www.catoappeals.com/pcn-prefix/md
ME,Manchester City Council,manchester-city-council,no,PATROL Authority Directory,https://www.patrol-uk.info/authority-directory,2026-08-10,https://www.catoappeals.com/pcn-prefix/me
MF,Halton Borough Council,halton-borough-council,no,PATROL Authority Directory,https://www.patrol-uk.info/authority-directory,2026-08-10,https://www.catoappeals.com/pcn-prefix/mf
MH,South Hams District Council,south-hams-district-council,no,PATROL Authority Directory,https://www.patrol-uk.info/authority-directory,2026-08-10,https://www.catoappeals.com/pcn-prefix/mh
MJ,Malvern Hills District Council,malvern-hills-district-council,no,PATROL Authority Directory,https://www.patrol-uk.info/authority-directory,2026-08-10,https://www.catoappeals.com/pcn-prefix/mj
MK,Milton Keynes City Council,milton-keynes-city-council,no,PATROL Authority Directory,https://www.patrol-uk.info/authority-directory,2026-08-10,https://www.catoappeals.com/pcn-prefix/mk
ML,Maldon District Council,maldon-district-council,no,PATROL Authority Directory,https://www.patrol-uk.info/authority-directory,2026-08-10,https://www.catoappeals.com/pcn-prefix/ml
MM,Monmouthshire County Council,monmouthshire-county-council,no,PATROL Authority Directory,https://www.patrol-uk.info/authority-directory,2026-08-10,https://www.catoappeals.com/pcn-prefix/mm
MO,Malvern Hills District Council,malvern-hills-district-council,no,PATROL Authority Directory,https://www.patrol-uk.info/authority-directory,2026-08-10,https://www.catoappeals.com/pcn-prefix/mo
MP,Mole Valley District Council,mole-valley-district-council,no,PATROL Authority Directory,https://www.patrol-uk.info/authority-directory,2026-08-10,https://www.catoappeals.com/pcn-prefix/mp
MQ,Mansfield District Council,mansfield-district-council,no,PATROL Authority Directory,https://www.patrol-uk.info/authority-directory,2026-08-10,https://www.catoappeals.com/pcn-prefix/mq
MR,Middlesbrough Council,middlesbrough-council,no,PATROL Authority Directory,https://www.patrol-uk.info/authority-directory,2026-08-10,https://www.catoappeals.com/pcn-prefix/mr
MS,Mid Sussex District Council,mid-sussex-district-council,no,PATROL Authority Directory,https://www.patrol-uk.info/authority-directory,2026-08-10,https://www.catoappeals.com/pcn-prefix/ms
MU,Merthyr Tydfil County Borough Council,merthyr-tydfil-county-borough-council,no,PATROL Authority Directory,https://www.patrol-uk.info/authority-directory,2026-08-10,https://www.catoappeals.com/pcn-prefix/mu
MV,Mole Valley District Council,mole-valley-district-council,no,PATROL Authority Directory,https://www.patrol-uk.info/authority-directory,2026-08-10,https://www.catoappeals.com/pcn-prefix/mv
MW,Medway Council,medway-council,no,PATROL Authority Directory,https://www.patrol-uk.info/authority-directory,2026-08-10,https://www.catoappeals.com/pcn-prefix/mw
MX,Mid Devon District Council,mid-devon-district-council,no,PATROL Authority Directory,https://www.patrol-uk.info/authority-directory,2026-08-10,https://www.catoappeals.com/pcn-prefix/mx
MY,Surrey County Council (with Mole Valley District Council),surrey-county-council-with-mole-valley-district-council,no,PATROL Authority Directory,https://www.patrol-uk.info/authority-directory,2026-08-10,https://www.catoappeals.com/pcn-prefix/my
NA,Newcastle City Council,newcastle-city-council,no,PATROL Authority Directory,https://www.patrol-uk.info/authority-directory,2026-08-10,https://www.catoappeals.com/pcn-prefix/na
NB,Nuneaton and Bedworth Borough Council,nuneaton-and-bedworth-borough-council,no,PATROL Authority Directory,https://www.patrol-uk.info/authority-directory,2026-08-10,https://www.catoappeals.com/pcn-prefix/nb
NC,Newport City Council,newport-city-council,no,PATROL Authority Directory,https://www.patrol-uk.info/authority-directory,2026-08-10,https://www.catoappeals.com/pcn-prefix/nc
ND,North East Derbyshire District Council,north-east-derbyshire-district-council,no,PATROL Authority Directory,https://www.patrol-uk.info/authority-directory,2026-08-10,https://www.catoappeals.com/pcn-prefix/nd
NF,New Forest District Council,new-forest-district-council,no,PATROL Authority Directory,https://www.patrol-uk.info/authority-directory,2026-08-10,https://www.catoappeals.com/pcn-prefix/nf
NG,Nottingham City Council,nottingham-city-council,no,PATROL Authority Directory,https://www.patrol-uk.info/authority-directory,2026-08-10,https://www.catoappeals.com/pcn-prefix/ng
NH,North Tyneside Council,north-tyneside-council,no,PATROL Authority Directory,https://www.patrol-uk.info/authority-directory,2026-08-10,https://www.catoappeals.com/pcn-prefix/nh
NI,North East Lincolnshire Council,north-east-lincolnshire-council,no,PATROL Authority Directory,https://www.patrol-uk.info/authority-directory,2026-08-10,https://www.catoappeals.com/pcn-prefix/ni
NK,North Lincolnshire Council,north-lincolnshire-council,no,PATROL Authority Directory,https://www.patrol-uk.info/authority-directory,2026-08-10,https://www.catoappeals.com/pcn-prefix/nk
NL,Newcastle Under Lyme Borough Council,newcastle-under-lyme-borough-council,no,PATROL Authority Directory,https://www.patrol-uk.info/authority-directory,2026-08-10,https://www.catoappeals.com/pcn-prefix/nl
NO,North Northamptonshire Council,north-northamptonshire-council,no,PATROL Authority Directory,https://www.patrol-uk.info/authority-directory,2026-08-10,https://www.catoappeals.com/pcn-prefix/no
NP,West Northamptonshire Council,west-northamptonshire-council,no,PATROL Authority Directory,https://www.patrol-uk.info/authority-directory,2026-08-10,https://www.catoappeals.com/pcn-prefix/np
NQ,Nottinghamshire County Council,nottinghamshire-county-council,no,PATROL Authority Directory,https://www.patrol-uk.info/authority-directory,2026-08-10,https://www.catoappeals.com/pcn-prefix/nq
NR,Norwich City Council,norwich-city-council,no,PATROL Authority Directory,https://www.patrol-uk.info/authority-directory,2026-08-10,https://www.catoappeals.com/pcn-prefix/nr
NS,North Somerset Council,north-somerset-council,no,PATROL Authority Directory,https://www.patrol-uk.info/authority-directory,2026-08-10,https://www.catoappeals.com/pcn-prefix/ns
NT,Neath Port Talbot County Borough Council,neath-port-talbot-county-borough-council,no,PATROL Authority Directory,https://www.patrol-uk.info/authority-directory,2026-08-10,https://www.catoappeals.com/pcn-prefix/nt
NU,Newcastle City Council,newcastle-city-council,no,PATROL Authority Directory,https://www.patrol-uk.info/authority-directory,2026-08-10,https://www.catoappeals.com/pcn-prefix/nu
NV,Northumberland County Council,northumberland-county-council,no,PATROL Authority Directory,https://www.patrol-uk.info/authority-directory,2026-08-10,https://www.catoappeals.com/pcn-prefix/nv
NY,Amber Valley Borough Council,amber-valley-borough-council,no,PATROL Authority Directory,https://www.patrol-uk.info/authority-directory,2026-08-10,https://www.catoappeals.com/pcn-prefix/ny
OB,Bristol City Council,bristol-city-council,no,PATROL Authority Directory,https://www.patrol-uk.info/authority-directory,2026-08-10,https://www.catoappeals.com/pcn-prefix/ob
OC,Oxfordshire County Council (with West Oxfordshire DC),oxfordshire-county-council-with-west-oxfordshire-dc,no,PATROL Authority Directory,https://www.patrol-uk.info/authority-directory,2026-08-10,https://www.catoappeals.com/pcn-prefix/oc
OD,Oldham Metropolitan Borough Council,oldham-metropolitan-borough-council,no,PATROL Authority Directory,https://www.patrol-uk.info/authority-directory,2026-08-10,https://www.catoappeals.com/pcn-prefix/od
OE,Wigan Metropolitan Borough Council,wigan-metropolitan-borough-council,no,PATROL Authority Directory,https://www.patrol-uk.info/authority-directory,2026-08-10,https://www.catoappeals.com/pcn-prefix/oe
OF,Oxfordshire County Council (with West Oxfordshire DC),oxfordshire-county-council-with-west-oxfordshire-dc,no,PATROL Authority Directory,https://www.patrol-uk.info/authority-directory,2026-08-10,https://www.catoappeals.com/pcn-prefix/of
OH,Solihull Metropolitan Borough Council,solihull-metropolitan-borough-council,no,PATROL Authority Directory,https://www.patrol-uk.info/authority-directory,2026-08-10,https://www.catoappeals.com/pcn-prefix/oh
OI,Huntingdonshire District Council,huntingdonshire-district-council,no,PATROL Authority Directory,https://www.patrol-uk.info/authority-directory,2026-08-10,https://www.catoappeals.com/pcn-prefix/oi
OL,Bolsover District Council,bolsover-district-council,no,PATROL Authority Directory,https://www.patrol-uk.info/authority-directory,2026-08-10,https://www.catoappeals.com/pcn-prefix/ol
OM,Cumberland Council,cumberland-council,no,PATROL Authority Directory,https://www.patrol-uk.info/authority-directory,2026-08-10,https://www.catoappeals.com/pcn-prefix/om
ON,Manchester City Council,manchester-city-council,no,PATROL Authority Directory,https://www.patrol-uk.info/authority-directory,2026-08-10,https://www.catoappeals.com/pcn-prefix/on
OR,Worcestershire County Council (with Worcester City Council),worcestershire-county-council-with-worcester-city-council,no,PATROL Authority Directory,https://www.patrol-uk.info/authority-directory,2026-08-10,https://www.catoappeals.com/pcn-prefix/or
OS,Southend-on-Sea City Council,southend-on-sea-city-council,no,PATROL Authority Directory,https://www.patrol-uk.info/authority-directory,2026-08-10,https://www.catoappeals.com/pcn-prefix/os
OV,Dover District Council,dover-district-council,no,PATROL Authority Directory,https://www.patrol-uk.info/authority-directory,2026-08-10,https://www.catoappeals.com/pcn-prefix/ov
OX,Oxfordshire County Council,oxfordshire-county-council,no,PATROL Authority Directory,https://www.patrol-uk.info/authority-directory,2026-08-10,https://www.catoappeals.com/pcn-prefix/ox
PA,Basingstoke and Deane Borough Council,basingstoke-and-deane-borough-council,yes,PATROL Authority Directory,https://www.patrol-uk.info/authority-directory,2026-08-10,https://www.catoappeals.com/pcn-prefix/pa
PA,Hampshire County Council (with Basingstoke Borough Council),hampshire-county-council-with-basingstoke-borough-council,yes,PATROL Authority Directory,https://www.patrol-uk.info/authority-directory,2026-08-10,https://www.catoappeals.com/pcn-prefix/pa
PB,Peterborough City Council,peterborough-city-council,no,PATROL Authority Directory,https://www.patrol-uk.info/authority-directory,2026-08-10,https://www.catoappeals.com/pcn-prefix/pb
PD,Pendle Borough Council,pendle-borough-council,no,PATROL Authority Directory,https://www.patrol-uk.info/authority-directory,2026-08-10,https://www.catoappeals.com/pcn-prefix/pd
PG,Gosport Borough Council,gosport-borough-council,no,PATROL Authority Directory,https://www.patrol-uk.info/authority-directory,2026-08-10,https://www.catoappeals.com/pcn-prefix/pg
PH,Hampshire County Council (with Hart District Council),hampshire-county-council-with-hart-district-council,no,PATROL Authority Directory,https://www.patrol-uk.info/authority-directory,2026-08-10,https://www.catoappeals.com/pcn-prefix/ph
PJ,Buckinghamshire Council,buckinghamshire-council,no,PATROL Authority Directory,https://www.patrol-uk.info/authority-directory,2026-08-10,https://www.catoappeals.com/pcn-prefix/pj
PK,Pembrokeshire County Council,pembrokeshire-county-council,no,PATROL Authority Directory,https://www.patrol-uk.info/authority-directory,2026-08-10,https://www.catoappeals.com/pcn-prefix/pk
PL,Plymouth City Council,plymouth-city-council,no,PATROL Authority Directory,https://www.patrol-uk.info/authority-directory,2026-08-10,https://www.catoappeals.com/pcn-prefix/pl
PM,Epsom and Ewell Borough Council,epsom-and-ewell-borough-council,no,PATROL Authority Directory,https://www.patrol-uk.info/authority-directory,2026-08-10,https://www.catoappeals.com/pcn-prefix/pm
PO,Portsmouth City Council,portsmouth-city-council,no,PATROL Authority Directory,https://www.patrol-uk.info/authority-directory,2026-08-10,https://www.catoappeals.com/pcn-prefix/po
PP,Powys County Council,powys-county-council,no,PATROL Authority Directory,https://www.patrol-uk.info/authority-directory,2026-08-10,https://www.catoappeals.com/pcn-prefix/pp
PQ,Hampshire County Council (with Rushmoor Borough Council),hampshire-county-council-with-rushmoor-borough-council,no,PATROL Authority Directory,https://www.patrol-uk.info/authority-directory,2026-08-10,https://www.catoappeals.com/pcn-prefix/pq
PR,Preston City Council,preston-city-council,no,PATROL Authority Directory,https://www.patrol-uk.info/authority-directory,2026-08-10,https://www.catoappeals.com/pcn-prefix/pr
PS,Surrey County Council (with Spelthorne Borough Council),surrey-county-council-with-spelthorne-borough-council,no,PATROL Authority Directory,https://www.patrol-uk.info/authority-directory,2026-08-10,https://www.catoappeals.com/pcn-prefix/ps
PT,Bridgend County Borough Council,bridgend-county-borough-council,no,PATROL Authority Directory,https://www.patrol-uk.info/authority-directory,2026-08-10,https://www.catoappeals.com/pcn-prefix/pt
PV,Hampshire County Council,hampshire-county-council,no,PATROL Authority Directory,https://www.patrol-uk.info/authority-directory,2026-08-10,https://www.catoappeals.com/pcn-prefix/pv
PW,Mid Suffolk District Council (with Ipswich Borough Council),mid-suffolk-district-council-with-ipswich-borough-council,no,PATROL Authority Directory,https://www.patrol-uk.info/authority-directory,2026-08-10,https://www.catoappeals.com/pcn-prefix/pw
PY,Worcestershire County Council,worcestershire-county-council,no,PATROL Authority Directory,https://www.patrol-uk.info/authority-directory,2026-08-10,https://www.catoappeals.com/pcn-prefix/py
QB,Central Bedfordshire Council,central-bedfordshire-council,no,PATROL Authority Directory,https://www.patrol-uk.info/authority-directory,2026-08-10,https://www.catoappeals.com/pcn-prefix/qb
QC,Cardiff Council,cardiff-council,no,PATROL Authority Directory,https://www.patrol-uk.info/authority-directory,2026-08-10,https://www.catoappeals.com/pcn-prefix/qc
QD,Boston Borough Council,boston-borough-council,no,PATROL Authority Directory,https://www.patrol-uk.info/authority-directory,2026-08-10,https://www.catoappeals.com/pcn-prefix/qd
QE,East Lindsey District Council,east-lindsey-district-council,no,PATROL Authority Directory,https://www.patrol-uk.info/authority-directory,2026-08-10,https://www.catoappeals.com/pcn-prefix/qe
QF,Babergh District Council (with West Suffolk Council),babergh-district-council-with-west-suffolk-council,no,PATROL Authority Directory,https://www.patrol-uk.info/authority-directory,2026-08-10,https://www.catoappeals.com/pcn-prefix/qf
QH,South Holland District Council,south-holland-district-council,no,PATROL Authority Directory,https://www.patrol-uk.info/authority-directory,2026-08-10,https://www.catoappeals.com/pcn-prefix/qh
QJ,Lincolnshire County Council,lincolnshire-county-council,no,PATROL Authority Directory,https://www.patrol-uk.info/authority-directory,2026-08-10,https://www.catoappeals.com/pcn-prefix/qj
QK,South Kesteven District Council,south-kesteven-district-council,no,PATROL Authority Directory,https://www.patrol-uk.info/authority-directory,2026-08-10,https://www.catoappeals.com/pcn-prefix/qk
QL,City of Lincoln Council,city-of-lincoln-council,no,PATROL Authority Directory,https://www.patrol-uk.info/authority-directory,2026-08-10,https://www.catoappeals.com/pcn-prefix/ql
QM,Manchester City Council,manchester-city-council,no,PATROL Authority Directory,https://www.patrol-uk.info/authority-directory,2026-08-10,https://www.catoappeals.com/pcn-prefix/qm
QN,North Kesteven District Council,north-kesteven-district-council,no,PATROL Authority Directory,https://www.patrol-uk.info/authority-directory,2026-08-10,https://www.catoappeals.com/pcn-prefix/qn
QP,South Gloucestershire Council,south-gloucestershire-council,no,PATROL Authority Directory,https://www.patrol-uk.info/authority-directory,2026-08-10,https://www.catoappeals.com/pcn-prefix/qp
QT,Kingston upon Thames,kingston-upon-thames,no,PATROL Authority Directory,https://www.patrol-uk.info/authority-directory,2026-08-10,https://www.catoappeals.com/pcn-prefix/qt
QU,Luton Borough Council,luton-borough-council,no,PATROL Authority Directory,https://www.patrol-uk.info/authority-directory,2026-08-10,https://www.catoappeals.com/pcn-prefix/qu
QW,West Lindsey District Council,west-lindsey-district-council,no,PATROL Authority Directory,https://www.patrol-uk.info/authority-directory,2026-08-10,https://www.catoappeals.com/pcn-prefix/qw
QZ,Hackney,hackney,no,PATROL Authority Directory,https://www.patrol-uk.info/authority-directory,2026-08-10,https://www.catoappeals.com/pcn-prefix/qz
RA,East Sussex County Council (Rother),east-sussex-county-council-rother,no,PATROL Authority Directory,https://www.patrol-uk.info/authority-directory,2026-08-10,https://www.catoappeals.com/pcn-prefix/ra
RC,Redcar and Cleveland Borough Council,redcar-and-cleveland-borough-council,no,PATROL Authority Directory,https://www.patrol-uk.info/authority-directory,2026-08-10,https://www.catoappeals.com/pcn-prefix/rc
RD,"Bournemouth, Christchurch and Poole (BCP)",bournemouth-christchurch-and-poole-bcp,no,PATROL Authority Directory,https://www.patrol-uk.info/authority-directory,2026-08-10,https://www.catoappeals.com/pcn-prefix/rd
RE,Rochdale Metropolitan Borough Council,rochdale-metropolitan-borough-council,no,PATROL Authority Directory,https://www.patrol-uk.info/authority-directory,2026-08-10,https://www.catoappeals.com/pcn-prefix/re
RF,Rochford District Council,rochford-district-council,no,PATROL Authority Directory,https://www.patrol-uk.info/authority-directory,2026-08-10,https://www.catoappeals.com/pcn-prefix/rf
RG,Reading Borough Council,reading-borough-council,no,PATROL Authority Directory,https://www.patrol-uk.info/authority-directory,2026-08-10,https://www.catoappeals.com/pcn-prefix/rg
RH,Rotherham Metropolitan Borough Council,rotherham-metropolitan-borough-council,no,PATROL Authority Directory,https://www.patrol-uk.info/authority-directory,2026-08-10,https://www.catoappeals.com/pcn-prefix/rh
RI,Reigate and Banstead Borough Council,reigate-and-banstead-borough-council,no,PATROL Authority Directory,https://www.patrol-uk.info/authority-directory,2026-08-10,https://www.catoappeals.com/pcn-prefix/ri
RJ,Redditch Borough Council,redditch-borough-council,no,PATROL Authority Directory,https://www.patrol-uk.info/authority-directory,2026-08-10,https://www.catoappeals.com/pcn-prefix/rj
RL,Rutland County Council,rutland-county-council,no,PATROL Authority Directory,https://www.patrol-uk.info/authority-directory,2026-08-10,https://www.catoappeals.com/pcn-prefix/rl
RM,Rushmoor Borough Council,rushmoor-borough-council,no,PATROL Authority Directory,https://www.patrol-uk.info/authority-directory,2026-08-10,https://www.catoappeals.com/pcn-prefix/rm
RN,Surrey County Council (with Runnymede Borough Council),surrey-county-council-with-runnymede-borough-council,no,PATROL Authority Directory,https://www.patrol-uk.info/authority-directory,2026-08-10,https://www.catoappeals.com/pcn-prefix/rn
RP,Redditch Borough Council,redditch-borough-council,no,PATROL Authority Directory,https://www.patrol-uk.info/authority-directory,2026-08-10,https://www.catoappeals.com/pcn-prefix/rp
RQ,Rushcliffe Borough Council,rushcliffe-borough-council,no,PATROL Authority Directory,https://www.patrol-uk.info/authority-directory,2026-08-10,https://www.catoappeals.com/pcn-prefix/rq
RR,Surrey County Council,surrey-county-council,no,PATROL Authority Directory,https://www.patrol-uk.info/authority-directory,2026-08-10,https://www.catoappeals.com/pcn-prefix/rr
RS,North Warwickshire Borough Council,north-warwickshire-borough-council,no,PATROL Authority Directory,https://www.patrol-uk.info/authority-directory,2026-08-10,https://www.catoappeals.com/pcn-prefix/rs
RT,Richmond upon Thames,richmond-upon-thames,no,PATROL Authority Directory,https://www.patrol-uk.info/authority-directory,2026-08-10,https://www.catoappeals.com/pcn-prefix/rt
RU,Rugby Borough Council,rugby-borough-council,no,PATROL Authority Directory,https://www.patrol-uk.info/authority-directory,2026-08-10,https://www.catoappeals.com/pcn-prefix/ru
RV,Ribble Valley Borough Council,ribble-valley-borough-council,no,PATROL Authority Directory,https://www.patrol-uk.info/authority-directory,2026-08-10,https://www.catoappeals.com/pcn-prefix/rv
RW,Royal Borough of Windsor and Maidenhead,royal-borough-of-windsor-and-maidenhead,no,PATROL Authority Directory,https://www.patrol-uk.info/authority-directory,2026-08-10,https://www.catoappeals.com/pcn-prefix/rw
RY,Runnymede Borough Council,runnymede-borough-council,no,PATROL Authority Directory,https://www.patrol-uk.info/authority-directory,2026-08-10,https://www.catoappeals.com/pcn-prefix/ry
RZ,Surrey County Council (with Reigate and Banstead Borough Council),surrey-county-council-with-reigate-and-banstead-borough-council,no,PATROL Authority Directory,https://www.patrol-uk.info/authority-directory,2026-08-10,https://www.catoappeals.com/pcn-prefix/rz
SB,Slough Borough Council,slough-borough-council,no,PATROL Authority Directory,https://www.patrol-uk.info/authority-directory,2026-08-10,https://www.catoappeals.com/pcn-prefix/sb
SD,Sandwell Metropolitan Borough Council,sandwell-metropolitan-borough-council,no,PATROL Authority Directory,https://www.patrol-uk.info/authority-directory,2026-08-10,https://www.catoappeals.com/pcn-prefix/sd
SF,Sefton Metropolitan Borough Council,sefton-metropolitan-borough-council,no,PATROL Authority Directory,https://www.patrol-uk.info/authority-directory,2026-08-10,https://www.catoappeals.com/pcn-prefix/sf
SG,Stevenage Borough Council,stevenage-borough-council,no,PATROL Authority Directory,https://www.patrol-uk.info/authority-directory,2026-08-10,https://www.catoappeals.com/pcn-prefix/sg
SH,Folkestone and Hythe District Council,folkestone-and-hythe-district-council,no,PATROL Authority Directory,https://www.patrol-uk.info/authority-directory,2026-08-10,https://www.catoappeals.com/pcn-prefix/sh
SI,Swindon Borough Council,swindon-borough-council,no,PATROL Authority Directory,https://www.patrol-uk.info/authority-directory,2026-08-10,https://www.catoappeals.com/pcn-prefix/si
SK,Stoke-on-Trent City Council,stoke-on-trent-city-council,no,PATROL Authority Directory,https://www.patrol-uk.info/authority-directory,2026-08-10,https://www.catoappeals.com/pcn-prefix/sk
SL,Salford City Council,salford-city-council,no,PATROL Authority Directory,https://www.patrol-uk.info/authority-directory,2026-08-10,https://www.catoappeals.com/pcn-prefix/sl
SM,Stockport Metropolitan Borough Council,stockport-metropolitan-borough-council,no,PATROL Authority Directory,https://www.patrol-uk.info/authority-directory,2026-08-10,https://www.catoappeals.com/pcn-prefix/sm
SN,Southampton City Council,southampton-city-council,no,PATROL Authority Directory,https://www.patrol-uk.info/authority-directory,2026-08-10,https://www.catoappeals.com/pcn-prefix/sn
SQ,Stockton-On-Tees Borough Council,stockton-on-tees-borough-council,no,PATROL Authority Directory,https://www.patrol-uk.info/authority-directory,2026-08-10,https://www.catoappeals.com/pcn-prefix/sq
SR,South Ribble Borough Council,south-ribble-borough-council,no,PATROL Authority Directory,https://www.patrol-uk.info/authority-directory,2026-08-10,https://www.catoappeals.com/pcn-prefix/sr
ST,Stratford-on-Avon District Council,stratford-on-avon-district-council,no,PATROL Authority Directory,https://www.patrol-uk.info/authority-directory,2026-08-10,https://www.catoappeals.com/pcn-prefix/st
SV,Sevenoaks District Council,sevenoaks-district-council,no,PATROL Authority Directory,https://www.patrol-uk.info/authority-directory,2026-08-10,https://www.catoappeals.com/pcn-prefix/sv
SW,Swale Borough Council,swale-borough-council,no,PATROL Authority Directory,https://www.patrol-uk.info/authority-directory,2026-08-10,https://www.catoappeals.com/pcn-prefix/sw
SX,Sunderland City Council,sunderland-city-council,no,PATROL Authority Directory,https://www.patrol-uk.info/authority-directory,2026-08-10,https://www.catoappeals.com/pcn-prefix/sx
SY,Spelthorne Borough Council,spelthorne-borough-council,no,PATROL Authority Directory,https://www.patrol-uk.info/authority-directory,2026-08-10,https://www.catoappeals.com/pcn-prefix/sy
SZ,St Helens Council,st-helens-council,no,PATROL Authority Directory,https://www.patrol-uk.info/authority-directory,2026-08-10,https://www.catoappeals.com/pcn-prefix/sz
TB,Torbay Council,torbay-council,no,PATROL Authority Directory,https://www.patrol-uk.info/authority-directory,2026-08-10,https://www.catoappeals.com/pcn-prefix/tb
TC,Torridge District Council,torridge-district-council,no,PATROL Authority Directory,https://www.patrol-uk.info/authority-directory,2026-08-10,https://www.catoappeals.com/pcn-prefix/tc
TD,Thanet District Council,thanet-district-council,no,PATROL Authority Directory,https://www.patrol-uk.info/authority-directory,2026-08-10,https://www.catoappeals.com/pcn-prefix/td
TE,Tandridge District Council,tandridge-district-council,no,PATROL Authority Directory,https://www.patrol-uk.info/authority-directory,2026-08-10,https://www.catoappeals.com/pcn-prefix/te
TG,Tendring District Council,tendring-district-council,no,PATROL Authority Directory,https://www.patrol-uk.info/authority-directory,2026-08-10,https://www.catoappeals.com/pcn-prefix/tg
TI,Teignbridge District Council,teignbridge-district-council,no,PATROL Authority Directory,https://www.patrol-uk.info/authority-directory,2026-08-10,https://www.catoappeals.com/pcn-prefix/ti
TK,Thurrock Council,thurrock-council,no,PATROL Authority Directory,https://www.patrol-uk.info/authority-directory,2026-08-10,https://www.catoappeals.com/pcn-prefix/tk
TM,Tameside Metropolitan Borough Council,tameside-metropolitan-borough-council,no,PATROL Authority Directory,https://www.patrol-uk.info/authority-directory,2026-08-10,https://www.catoappeals.com/pcn-prefix/tm
TN,Tonbridge and Malling Borough Council,tonbridge-and-malling-borough-council,no,PATROL Authority Directory,https://www.patrol-uk.info/authority-directory,2026-08-10,https://www.catoappeals.com/pcn-prefix/tn
TQ,Bassetlaw District Council,bassetlaw-district-council,no,PATROL Authority Directory,https://www.patrol-uk.info/authority-directory,2026-08-10,https://www.catoappeals.com/pcn-prefix/tq
TR,Trafford Metropolitan Borough Council,trafford-metropolitan-borough-council,no,PATROL Authority Directory,https://www.patrol-uk.info/authority-directory,2026-08-10,https://www.catoappeals.com/pcn-prefix/tr
TS,Test Valley Borough Council,test-valley-borough-council,no,PATROL Authority Directory,https://www.patrol-uk.info/authority-directory,2026-08-10,https://www.catoappeals.com/pcn-prefix/ts
TU,North Gloucestershire Borough Council,north-gloucestershire-borough-council,no,PATROL Authority Directory,https://www.patrol-uk.info/authority-directory,2026-08-10,https://www.catoappeals.com/pcn-prefix/tu
TW,Tunbridge Wells Borough Council,tunbridge-wells-borough-council,no,PATROL Authority Directory,https://www.patrol-uk.info/authority-directory,2026-08-10,https://www.catoappeals.com/pcn-prefix/tw
TX,Tamworth Borough Council,tamworth-borough-council,no,PATROL Authority Directory,https://www.patrol-uk.info/authority-directory,2026-08-10,https://www.catoappeals.com/pcn-prefix/tx
TY,South Tyneside Council,south-tyneside-council,no,PATROL Authority Directory,https://www.patrol-uk.info/authority-directory,2026-08-10,https://www.catoappeals.com/pcn-prefix/ty
UF,Uttlesford District Council,uttlesford-district-council,no,PATROL Authority Directory,https://www.patrol-uk.info/authority-directory,2026-08-10,https://www.catoappeals.com/pcn-prefix/uf
UG,Norwich City Council,norwich-city-council,no,PATROL Authority Directory,https://www.patrol-uk.info/authority-directory,2026-08-10,https://www.catoappeals.com/pcn-prefix/ug
UH,Norwich City Council,norwich-city-council,no,PATROL Authority Directory,https://www.patrol-uk.info/authority-directory,2026-08-10,https://www.catoappeals.com/pcn-prefix/uh
UJ,The Borough Council of Kings Lynn and West Norfolk working under the authority delegated by Norfolk County Council,the-borough-council-of-kings-lynn-and-west-norfolk-working-under-the-authority-delegated-by-norfolk-county-council,no,PATROL Authority Directory,https://www.patrol-uk.info/authority-directory,2026-08-10,https://www.catoappeals.com/pcn-prefix/uj
UK,Buckinghamshire Council,buckinghamshire-council,no,PATROL Authority Directory,https://www.patrol-uk.info/authority-directory,2026-08-10,https://www.catoappeals.com/pcn-prefix/uk
UN,Northumberland County Council,northumberland-county-council,no,PATROL Authority Directory,https://www.patrol-uk.info/authority-directory,2026-08-10,https://www.catoappeals.com/pcn-prefix/un
UO,The Borough Council of Kings Lynn and West Norfolk working under the authority delegated by Norfolk County Council,the-borough-council-of-kings-lynn-and-west-norfolk-working-under-the-authority-delegated-by-norfolk-county-council,no,PATROL Authority Directory,https://www.patrol-uk.info/authority-directory,2026-08-10,https://www.catoappeals.com/pcn-prefix/uo
UP,Teignbridge District Council,teignbridge-district-council,no,PATROL Authority Directory,https://www.patrol-uk.info/authority-directory,2026-08-10,https://www.catoappeals.com/pcn-prefix/up
UQ,Somerset Council,somerset-council,no,PATROL Authority Directory,https://www.patrol-uk.info/authority-directory,2026-08-10,https://www.catoappeals.com/pcn-prefix/uq
US,Somerset Council,somerset-council,no,PATROL Authority Directory,https://www.patrol-uk.info/authority-directory,2026-08-10,https://www.catoappeals.com/pcn-prefix/us
UW,West Sussex County Council (with Worthing Borough Council),west-sussex-county-council-with-worthing-borough-council,yes,PATROL Authority Directory,https://www.patrol-uk.info/authority-directory,2026-08-10,https://www.catoappeals.com/pcn-prefix/uw
UW,Worthing Borough Council,worthing-borough-council,yes,PATROL Authority Directory,https://www.patrol-uk.info/authority-directory,2026-08-10,https://www.catoappeals.com/pcn-prefix/uw
UZ,Mid Suffolk District Council (with West Suffolk Council),mid-suffolk-district-council-with-west-suffolk-council,no,PATROL Authority Directory,https://www.patrol-uk.info/authority-directory,2026-08-10,https://www.catoappeals.com/pcn-prefix/uz
VA,Hampshire County Council (with Havant Borough Council),hampshire-county-council-with-havant-borough-council,no,PATROL Authority Directory,https://www.patrol-uk.info/authority-directory,2026-08-10,https://www.catoappeals.com/pcn-prefix/va
VB,Blaby District Council,blaby-district-council,no,PATROL Authority Directory,https://www.patrol-uk.info/authority-directory,2026-08-10,https://www.catoappeals.com/pcn-prefix/vb
VC,Charnwood Borough Council,charnwood-borough-council,no,PATROL Authority Directory,https://www.patrol-uk.info/authority-directory,2026-08-10,https://www.catoappeals.com/pcn-prefix/vc
VD,West Sussex County Council (with Horsham Borough Council),west-sussex-county-council-with-horsham-borough-council,no,PATROL Authority Directory,https://www.patrol-uk.info/authority-directory,2026-08-10,https://www.catoappeals.com/pcn-prefix/vd
VF,Borough of Telford and Wrekin Council,borough-of-telford-and-wrekin-council,no,PATROL Authority Directory,https://www.patrol-uk.info/authority-directory,2026-08-10,https://www.catoappeals.com/pcn-prefix/vf
VG,Vale of Glamorgan Council,vale-of-glamorgan-council,no,PATROL Authority Directory,https://www.patrol-uk.info/authority-directory,2026-08-10,https://www.catoappeals.com/pcn-prefix/vg
VI,Hinckley and Bosworth Borough Council,hinckley-and-bosworth-borough-council,no,PATROL Authority Directory,https://www.patrol-uk.info/authority-directory,2026-08-10,https://www.catoappeals.com/pcn-prefix/vi
VJ,Vale of White Horse District Council,vale-of-white-horse-district-council,no,PATROL Authority Directory,https://www.patrol-uk.info/authority-directory,2026-08-10,https://www.catoappeals.com/pcn-prefix/vj
VK,Westmorland and Furness Council,westmorland-and-furness-council,no,PATROL Authority Directory,https://www.patrol-uk.info/authority-directory,2026-08-10,https://www.catoappeals.com/pcn-prefix/vk
VL,North West Leicestershire District Council,north-west-leicestershire-district-council,no,PATROL Authority Directory,https://www.patrol-uk.info/authority-directory,2026-08-10,https://www.catoappeals.com/pcn-prefix/vl
VM,Melton Borough Council,melton-borough-council,no,PATROL Authority Directory,https://www.patrol-uk.info/authority-directory,2026-08-10,https://www.catoappeals.com/pcn-prefix/vm
VN,East Devon District Council,east-devon-district-council,no,PATROL Authority Directory,https://www.patrol-uk.info/authority-directory,2026-08-10,https://www.catoappeals.com/pcn-prefix/vn
VO,Oadby and Wigston Borough Council,oadby-and-wigston-borough-council,no,PATROL Authority Directory,https://www.patrol-uk.info/authority-directory,2026-08-10,https://www.catoappeals.com/pcn-prefix/vo
VR,Harborough District Council,harborough-district-council,no,PATROL Authority Directory,https://www.patrol-uk.info/authority-directory,2026-08-10,https://www.catoappeals.com/pcn-prefix/vr
VS,Leicestershire County Council (with Oadby and Wigston Borough Council),leicestershire-county-council-with-oadby-and-wigston-borough-council,no,PATROL Authority Directory,https://www.patrol-uk.info/authority-directory,2026-08-10,https://www.catoappeals.com/pcn-prefix/vs
VT,Leicestershire County Council (with North West Leicestershire District Council),leicestershire-county-council-with-north-west-leicestershire-district-council,no,PATROL Authority Directory,https://www.patrol-uk.info/authority-directory,2026-08-10,https://www.catoappeals.com/pcn-prefix/vt
VU,Melton Borough Council,melton-borough-council,no,PATROL Authority Directory,https://www.patrol-uk.info/authority-directory,2026-08-10,https://www.catoappeals.com/pcn-prefix/vu
VW,Leicestershire County Council (with Hinckley and Bosworth District Council),leicestershire-county-council-with-hinckley-and-bosworth-district-council,no,PATROL Authority Directory,https://www.patrol-uk.info/authority-directory,2026-08-10,https://www.catoappeals.com/pcn-prefix/vw
VX,Leicestershire County Council (with Harborough District Council),leicestershire-county-council-with-harborough-district-council,no,PATROL Authority Directory,https://www.patrol-uk.info/authority-directory,2026-08-10,https://www.catoappeals.com/pcn-prefix/vx
VY,Charnwood Borough Council,charnwood-borough-council,no,PATROL Authority Directory,https://www.patrol-uk.info/authority-directory,2026-08-10,https://www.catoappeals.com/pcn-prefix/vy
VZ,Leicestershire County Council (with Blaby District Council),leicestershire-county-council-with-blaby-district-council,no,PATROL Authority Directory,https://www.patrol-uk.info/authority-directory,2026-08-10,https://www.catoappeals.com/pcn-prefix/vz
WA,Wandsworth,wandsworth,no,PATROL Authority Directory,https://www.patrol-uk.info/authority-directory,2026-08-10,https://www.catoappeals.com/pcn-prefix/wa
WB,Wyre Borough Council,wyre-borough-council,no,PATROL Authority Directory,https://www.patrol-uk.info/authority-directory,2026-08-10,https://www.catoappeals.com/pcn-prefix/wb
WC,Worcester City Council,worcester-city-council,no,PATROL Authority Directory,https://www.patrol-uk.info/authority-directory,2026-08-10,https://www.catoappeals.com/pcn-prefix/wc
WE,Westminster,westminster,no,PATROL Authority Directory,https://www.patrol-uk.info/authority-directory,2026-08-10,https://www.catoappeals.com/pcn-prefix/we
WG,Wigan Metropolitan Borough Council,wigan-metropolitan-borough-council,no,PATROL Authority Directory,https://www.patrol-uk.info/authority-directory,2026-08-10,https://www.catoappeals.com/pcn-prefix/wg
WH,Wychavon District Council,wychavon-district-council,no,PATROL Authority Directory,https://www.patrol-uk.info/authority-directory,2026-08-10,https://www.catoappeals.com/pcn-prefix/wh
WI,Warrington Borough Council,warrington-borough-council,no,PATROL Authority Directory,https://www.patrol-uk.info/authority-directory,2026-08-10,https://www.catoappeals.com/pcn-prefix/wi
WJ,The City and County of Swansea,the-city-and-county-of-swansea,no,PATROL Authority Directory,https://www.patrol-uk.info/authority-directory,2026-08-10,https://www.catoappeals.com/pcn-prefix/wj
WK,Walsall Metropolitan Borough Council,walsall-metropolitan-borough-council,no,PATROL Authority Directory,https://www.patrol-uk.info/authority-directory,2026-08-10,https://www.catoappeals.com/pcn-prefix/wk
WL,Metropolitan Borough of Wirral,metropolitan-borough-of-wirral,no,PATROL Authority Directory,https://www.patrol-uk.info/authority-directory,2026-08-10,https://www.catoappeals.com/pcn-prefix/wl
WM,Westminster,westminster,no,PATROL Authority Directory,https://www.patrol-uk.info/authority-directory,2026-08-10,https://www.catoappeals.com/pcn-prefix/wm
WN,Wiltshire Council,wiltshire-council,no,PATROL Authority Directory,https://www.patrol-uk.info/authority-directory,2026-08-10,https://www.catoappeals.com/pcn-prefix/wn
WO,Woking Borough Council,woking-borough-council,no,PATROL Authority Directory,https://www.patrol-uk.info/authority-directory,2026-08-10,https://www.catoappeals.com/pcn-prefix/wo
WP,Wakefield Metropolitan District Council,wakefield-metropolitan-district-council,no,PATROL Authority Directory,https://www.patrol-uk.info/authority-directory,2026-08-10,https://www.catoappeals.com/pcn-prefix/wp
WQ,Warwick District Council,warwick-district-council,no,PATROL Authority Directory,https://www.patrol-uk.info/authority-directory,2026-08-10,https://www.catoappeals.com/pcn-prefix/wq
WR,Winchester City Council,winchester-city-council,no,PATROL Authority Directory,https://www.patrol-uk.info/authority-directory,2026-08-10,https://www.catoappeals.com/pcn-prefix/wr
WS,Westminster,westminster,no,PATROL Authority Directory,https://www.patrol-uk.info/authority-directory,2026-08-10,https://www.catoappeals.com/pcn-prefix/ws
WT,Watford Borough Council,watford-borough-council,no,PATROL Authority Directory,https://www.patrol-uk.info/authority-directory,2026-08-10,https://www.catoappeals.com/pcn-prefix/wt
WU,Worthing Borough Council,worthing-borough-council,no,PATROL Authority Directory,https://www.patrol-uk.info/authority-directory,2026-08-10,https://www.catoappeals.com/pcn-prefix/wu
WV,Wolverhampton City Council,wolverhampton-city-council,no,PATROL Authority Directory,https://www.patrol-uk.info/authority-directory,2026-08-10,https://www.catoappeals.com/pcn-prefix/wv
WW,Welwyn Hatfield Borough Council,welwyn-hatfield-borough-council,no,PATROL Authority Directory,https://www.patrol-uk.info/authority-directory,2026-08-10,https://www.catoappeals.com/pcn-prefix/ww
WX,Wrexham County Borough Council,wrexham-county-borough-council,no,PATROL Authority Directory,https://www.patrol-uk.info/authority-directory,2026-08-10,https://www.catoappeals.com/pcn-prefix/wx
WZ,Waverley Borough Council,waverley-borough-council,no,PATROL Authority Directory,https://www.patrol-uk.info/authority-directory,2026-08-10,https://www.catoappeals.com/pcn-prefix/wz
XC,Caerphilly County Borough Council,caerphilly-county-borough-council,no,PATROL Authority Directory,https://www.patrol-uk.info/authority-directory,2026-08-10,https://www.catoappeals.com/pcn-prefix/xc
XD,Walsall Metropolitan Borough Council,walsall-metropolitan-borough-council,no,PATROL Authority Directory,https://www.patrol-uk.info/authority-directory,2026-08-10,https://www.catoappeals.com/pcn-prefix/xd
XG,East Hampshire District Council,east-hampshire-district-council,no,PATROL Authority Directory,https://www.patrol-uk.info/authority-directory,2026-08-10,https://www.catoappeals.com/pcn-prefix/xg
XH,East Hampshire District Council,east-hampshire-district-council,no,PATROL Authority Directory,https://www.patrol-uk.info/authority-directory,2026-08-10,https://www.catoappeals.com/pcn-prefix/xh
XL,Bexley,bexley,no,PATROL Authority Directory,https://www.patrol-uk.info/authority-directory,2026-08-10,https://www.catoappeals.com/pcn-prefix/xl
XM,Halton Borough Council,halton-borough-council,no,PATROL Authority Directory,https://www.patrol-uk.info/authority-directory,2026-08-10,https://www.catoappeals.com/pcn-prefix/xm
XO,South Oxfordshire District Council,south-oxfordshire-district-council,no,PATROL Authority Directory,https://www.patrol-uk.info/authority-directory,2026-08-10,https://www.catoappeals.com/pcn-prefix/xo
XP,South Essex Parking Partnership,south-essex-parking-partnership,no,PATROL Authority Directory,https://www.patrol-uk.info/authority-directory,2026-08-10,https://www.catoappeals.com/pcn-prefix/xp
XQ,Broxtowe Borough Council,broxtowe-borough-council,no,PATROL Authority Directory,https://www.patrol-uk.info/authority-directory,2026-08-10,https://www.catoappeals.com/pcn-prefix/xq
XR,Exeter City Council,exeter-city-council,no,PATROL Authority Directory,https://www.patrol-uk.info/authority-directory,2026-08-10,https://www.catoappeals.com/pcn-prefix/xr
XS,West Sussex County Council (with Mid Sussex District Council),west-sussex-county-council-with-mid-sussex-district-council,no,PATROL Authority Directory,https://www.patrol-uk.info/authority-directory,2026-08-10,https://www.catoappeals.com/pcn-prefix/xs
YA,Cambridgeshire County Council,cambridgeshire-county-council,no,PATROL Authority Directory,https://www.patrol-uk.info/authority-directory,2026-08-10,https://www.catoappeals.com/pcn-prefix/ya
YB,Cambridge City Council,cambridge-city-council,no,PATROL Authority Directory,https://www.patrol-uk.info/authority-directory,2026-08-10,https://www.catoappeals.com/pcn-prefix/yb
YC,City of York Council,city-of-york-council,no,PATROL Authority Directory,https://www.patrol-uk.info/authority-directory,2026-08-10,https://www.catoappeals.com/pcn-prefix/yc
YD,Devon County Council,devon-county-council,no,PATROL Authority Directory,https://www.patrol-uk.info/authority-directory,2026-08-10,https://www.catoappeals.com/pcn-prefix/yd
YE,East Riding of Yorkshire Council,east-riding-of-yorkshire-council,no,PATROL Authority Directory,https://www.patrol-uk.info/authority-directory,2026-08-10,https://www.catoappeals.com/pcn-prefix/ye
YH,Eastleigh Borough Council,eastleigh-borough-council,no,PATROL Authority Directory,https://www.patrol-uk.info/authority-directory,2026-08-10,https://www.catoappeals.com/pcn-prefix/yh
YK,Surrey County Council (with Woking Borough Council),surrey-county-council-with-woking-borough-council,no,PATROL Authority Directory,https://www.patrol-uk.info/authority-directory,2026-08-10,https://www.catoappeals.com/pcn-prefix/yk
YM,Isle of Anglesey County Council,isle-of-anglesey-county-council,no,PATROL Authority Directory,https://www.patrol-uk.info/authority-directory,2026-08-10,https://www.catoappeals.com/pcn-prefix/ym
YN,North Yorkshire Council,north-yorkshire-council,no,PATROL Authority Directory,https://www.patrol-uk.info/authority-directory,2026-08-10,https://www.catoappeals.com/pcn-prefix/yn
YR,City of York Council,city-of-york-council,no,PATROL Authority Directory,https://www.patrol-uk.info/authority-directory,2026-08-10,https://www.catoappeals.com/pcn-prefix/yr
YS,Elmbridge Borough Council,elmbridge-borough-council,no,PATROL Authority Directory,https://www.patrol-uk.info/authority-directory,2026-08-10,https://www.catoappeals.com/pcn-prefix/ys
YT,Great Yarmouth Borough Council,great-yarmouth-borough-council,no,PATROL Authority Directory,https://www.patrol-uk.info/authority-directory,2026-08-10,https://www.catoappeals.com/pcn-prefix/yt
YU,South Norfolk District Council,south-norfolk-district-council,no,PATROL Authority Directory,https://www.patrol-uk.info/authority-directory,2026-08-10,https://www.catoappeals.com/pcn-prefix/yu
YW,Hampshire County Council (with Winchester County Council),hampshire-county-council-with-winchester-county-council,no,PATROL Authority Directory,https://www.patrol-uk.info/authority-directory,2026-08-10,https://www.catoappeals.com/pcn-prefix/yw
ZA,Chichester District Council,chichester-district-council,no,PATROL Authority Directory,https://www.patrol-uk.info/authority-directory,2026-08-10,https://www.catoappeals.com/pcn-prefix/za
ZB,Blaenau Gwent County Borough Council,blaenau-gwent-county-borough-council,no,PATROL Authority Directory,https://www.patrol-uk.info/authority-directory,2026-08-10,https://www.catoappeals.com/pcn-prefix/zb
ZC,Cannock Chase District Council,cannock-chase-district-council,no,PATROL Authority Directory,https://www.patrol-uk.info/authority-directory,2026-08-10,https://www.catoappeals.com/pcn-prefix/zc
ZD,Cotswold District Council,cotswold-district-council,no,PATROL Authority Directory,https://www.patrol-uk.info/authority-directory,2026-08-10,https://www.catoappeals.com/pcn-prefix/zd
ZE,East Staffordshire Borough Council,east-staffordshire-borough-council,no,PATROL Authority Directory,https://www.patrol-uk.info/authority-directory,2026-08-10,https://www.catoappeals.com/pcn-prefix/ze
ZF,Worcestershire County Council (with Wyre Forest District Council),worcestershire-county-council-with-wyre-forest-district-council,no,PATROL Authority Directory,https://www.patrol-uk.info/authority-directory,2026-08-10,https://www.catoappeals.com/pcn-prefix/zf
ZG,Crawley Borough Council,crawley-borough-council,no,PATROL Authority Directory,https://www.patrol-uk.info/authority-directory,2026-08-10,https://www.catoappeals.com/pcn-prefix/zg
ZH,East Sussex County Council (Hastings),east-sussex-county-council-hastings,no,PATROL Authority Directory,https://www.patrol-uk.info/authority-directory,2026-08-10,https://www.catoappeals.com/pcn-prefix/zh
ZJ,Crawley Borough Council,crawley-borough-council,no,PATROL Authority Directory,https://www.patrol-uk.info/authority-directory,2026-08-10,https://www.catoappeals.com/pcn-prefix/zj
ZK,West Sussex County Council (with Chichester District Council),west-sussex-county-council-with-chichester-district-council,no,PATROL Authority Directory,https://www.patrol-uk.info/authority-directory,2026-08-10,https://www.catoappeals.com/pcn-prefix/zk
ZM,Staffordshire Moorlands District Council,staffordshire-moorlands-district-council,no,PATROL Authority Directory,https://www.patrol-uk.info/authority-directory,2026-08-10,https://www.catoappeals.com/pcn-prefix/zm
ZN,Haringey,haringey,no,PATROL Authority Directory,https://www.patrol-uk.info/authority-directory,2026-08-10,https://www.catoappeals.com/pcn-prefix/zn
ZP,Stroud District Council,stroud-district-council,no,PATROL Authority Directory,https://www.patrol-uk.info/authority-directory,2026-08-10,https://www.catoappeals.com/pcn-prefix/zp
ZQ,Warwickshire County Council,warwickshire-county-council,no,PATROL Authority Directory,https://www.patrol-uk.info/authority-directory,2026-08-10,https://www.catoappeals.com/pcn-prefix/zq
ZR,Rhondda Cynon Taf County Borough Council,rhondda-cynon-taf-county-borough-council,no,PATROL Authority Directory,https://www.patrol-uk.info/authority-directory,2026-08-10,https://www.catoappeals.com/pcn-prefix/zr
ZS,South Staffordshire District Council,south-staffordshire-district-council,no,PATROL Authority Directory,https://www.patrol-uk.info/authority-directory,2026-08-10,https://www.catoappeals.com/pcn-prefix/zs
ZW,Worcestershire County Council (with Wychavon District Council),worcestershire-county-council-with-wychavon-district-council,yes,PATROL Authority Directory,https://www.patrol-uk.info/authority-directory,2026-08-10,https://www.catoappeals.com/pcn-prefix/zw
ZW,Wychavon District Council,wychavon-district-council,yes,PATROL Authority Directory,https://www.patrol-uk.info/authority-directory,2026-08-10,https://www.catoappeals.com/pcn-prefix/zw
ZX,Shropshire Council,shropshire-council,no,PATROL Authority Directory,https://www.patrol-uk.info/authority-directory,2026-08-10,https://www.catoappeals.com/pcn-prefix/zx
ZY,Lewisham,lewisham,no,PATROL Authority Directory,https://www.patrol-uk.info/authority-directory,2026-08-10,https://www.catoappeals.com/pcn-prefix/zy
ZZ,Stafford Borough Council,stafford-borough-council,no,PATROL Authority Directory,https://www.patrol-uk.info/authority-directory,2026-08-10,https://www.catoappeals.com/pcn-prefix/zz
